,yield_curve_10y2y,yield_curve_10y3m,fed_funds,real_rate_10y,cpi,core_cpi,pce,core_pce,ppi,unemployment,u6_unemployment,jobless_claims,nonfarm_payrolls,industrial_prod,retail_sales,capacity_util,pmi_ism,housing_starts,credit_spread_hy,credit_spread_ig,financial_cond,consumer_credit,m2,cpi_yoy,core_cpi_yoy,pce_yoy,core_pce_yoy,ppi_yoy,indpro_yoy,retail_sales_yoy,m2_yoy,payrolls_mom
2005-01-01,0.85,1.63,2.28,1.7792759,191.6,199.0,80.907,81.401,150.9,5.3,9.2,331000.0,132781.0,95.8801,321272.0,80.1494,14257.0,2144.0,3.29,0.85,-0.70377,2196777.63,6430.8,,,,,,,,,
2005-02-01,0.77,1.6,2.5,1.81315912,192.4,199.4,81.132,81.536,151.6,5.4,9.2,314000.0,133034.0,96.5761,325308.0,80.6584,14272.0,2207.0,2.83,0.81,-0.71099,2211558.71,6438.9,,,,,,,,,253.0
2005-03-01,0.7,1.71,2.63,1.97934111,193.1,200.1,81.375,81.737,153.7,5.2,9.1,342000.0,133154.0,96.4456,326179.0,80.4638,14268.0,1864.0,3.52,0.93,-0.6662,2220199.19,6448.3,,,,,,,,,120.0
2005-04-01,0.55,1.31,2.79,2.02052684,193.7,200.2,81.603,81.831,155.0,5.2,9.0,334000.0,133520.0,96.6532,329124.0,80.5421,14249.0,2061.0,4.19,1.02,-0.61064,2232535.38,6461.8,,,,,,,,,366.0
2005-05-01,0.4,1.01,3.0,1.78986568,193.6,200.5,81.649,81.999,154.3,5.1,8.9,340000.0,133689.0,96.7402,327233.0,80.5094,14255.0,2025.0,4.13,0.97,-0.60034,2232671.52,6479.0,,,,,,,,,169.0
2005-06-01,0.28,0.81,3.04,1.66688811,193.7,200.6,81.7,82.056,154.3,5.0,9.0,311000.0,133948.0,97.1753,337219.0,80.7567,14227.0,2068.0,3.85,0.95,-0.60507,2247833.43,6511.7,,,,,,,,,259.0
2005-07-01,0.26,0.86,3.26,1.82002108,194.9,200.9,82.046,82.176,156.3,5.0,8.8,316000.0,134300.0,96.8676,339529.0,80.3802,14225.0,2054.0,3.3,0.88,-0.61466,2257230.94,6543.5,,,,,,,,,352.0
2005-08-01,0.18,0.5,3.5,2.00821677,196.1,201.1,82.377,82.243,157.6,4.9,8.9,318000.0,134502.0,97.1833,335605.0,80.5172,14200.0,2095.0,3.66,0.88,-0.59944,2267044.88,6576.3,,,,,,,,,202.0
2005-09-01,0.16,0.79,3.62,1.73569017,198.8,201.3,83.172,82.425,162.2,5.0,9.0,359000.0,134552.0,95.3005,336600.0,78.8319,14173.0,2151.0,3.54,0.89,-0.56749,2271633.28,6610.1,,,,,,,,,50.0
2005-10-01,0.17,0.59,3.78,1.96704484,199.1,202.0,83.305,82.662,166.2,5.0,8.7,322000.0,134641.0,96.4572,336753.0,79.6607,14189.0,2065.0,3.61,0.92,-0.58433,2276843.14,6643.9,,,,,,,,,89.0
2005-11-01,0.07,0.54,4.0,2.07568901,198.1,202.5,83.131,82.873,163.7,5.0,8.7,311000.0,134997.0,97.5414,339719.0,80.426,14184.0,2147.0,3.67,0.97,-0.58235,2283661.27,6660.7,,,,,,,,,356.0
2005-12-01,-0.02,0.31,4.16,2.01834727,198.1,202.8,83.131,82.959,163.0,4.9,8.6,302000.0,135159.0,98.0452,339895.0,80.7109,14189.0,1994.0,3.71,0.92,-0.56495,2290928.13,6687.8,,,,,,,,,162.0
2006-01-01,-0.01,0.06,4.29,2.06484172,199.3,203.2,83.534,83.145,164.3,4.7,8.4,282000.0,135427.0,98.1999,349664.0,80.7078,14208.0,2273.0,3.42,0.9,-0.60369,2367471.08,6730.1,4.018789144050117,2.1105527638190846,3.246937842213904,2.1424798221152175,8.880053015241884,2.4194801632455576,8.837371448492238,4.654164334141941,268.0
2006-02-01,-0.14,-0.07,4.49,2.20441278,199.4,203.6,83.584,83.279,161.8,4.8,8.4,293000.0,135733.0,98.2413,347021.0,80.6111,14208.0,2119.0,3.37,0.9,-0.63368,2374977.32,6754.7,3.63825363825363,2.106318956870612,3.0222353695212645,2.1377060439560447,6.728232189973626,1.7242361205308532,6.674597612109134,4.904564444237369,306.0
2006-03-01,0.04,0.23,4.59,2.38362088,199.7,204.3,83.746,83.509,162.2,4.7,8.2,295000.0,136038.0,98.4628,348357.0,80.6609,14210.0,1969.0,3.13,0.9,-0.62912,2385807.89,6769.3,3.4179181771103018,2.0989505247376306,2.9136712749615823,2.167928844953937,5.530253741054003,2.091541760329152,6.799334107959121,4.978056231875061,305.0
2006-04-01,0.2,0.3,4.79,2.35839303,200.7,204.8,84.135,83.764,164.3,4.7,8.1,321000.0,136210.0,98.7618,350072.0,80.7713,14223.0,1821.0,3.04,0.89,-0.61984,2397680.6,6806.9,3.613835828600931,2.29770229770232,3.102827101944805,2.362185479830381,6.000000000000005,2.1816142662632876,6.3647743707538895,5.340617165495676,172.0
2006-05-01,0.08,0.26,4.94,2.40637015,201.3,205.4,84.361,83.974,165.8,4.6,8.2,330000.0,136249.0,98.7869,348889.0,80.6521,14200.0,1942.0,3.12,0.92,-0.58261,2407161.45,6813.7,3.9772727272727293,2.44389027431422,3.321534862643749,2.4085659581214447,7.453013609850934,2.1156664964513183,6.617914452393259,5.165920666769552,39.0
2006-06-01,-0.01,0.14,4.99,2.45080986,201.8,205.9,84.569,84.186,166.1,4.6,8.4,309000.0,136337.0,99.0997,350795.0,80.7601,14210.0,1802.0,3.35,0.97,-0.52982,2395813.18,6851.8,4.1817243159525175,2.6420737786640114,3.511627906976744,2.595788242176078,7.647440051847032,1.9803386251444621,4.025870428415956,5.222906460678467,88.0
2006-07-01,0.02,-0.11,5.24,2.49634953,202.9,206.3,84.858,84.268,166.8,4.7,8.5,311000.0,136529.0,99.0489,351916.0,80.5643,14185.0,1737.0,3.45,0.98,-0.55975,2403099.25,6893.6,4.104669061056954,2.6879044300647026,3.4273456353752785,2.545755451713405,6.717850287907878,2.251836527383766,3.6482892477520235,5.350347673263545,192.0
2006-08-01,-0.05,-0.31,5.25,2.2982861,203.8,206.8,85.125,84.44,167.9,4.7,8.4,314000.0,136692.0,99.4836,353285.0,80.754,14154.0,1650.0,3.49,0.97,-0.60392,2415732.03,6925.1,3.926568077511483,2.8344107409249197,3.335882588586636,2.671351969164548,6.535532994923865,2.3669704568583194,5.2680979127247785,5.303894287061106,163.0
2006-09-01,-0.07,-0.25,5.25,2.20605719,202.8,207.2,84.902,84.573,165.4,4.5,8.0,309000.0,136826.0,99.3183,351240.0,80.4492,14120.0,1720.0,3.44,0.98,-0.60619,2426813.23,6952.4,2.012072434607637,2.930948832588176,2.0800269321406217,2.6060054595086424,1.9728729963008673,4.2159275134967755,4.349376114081993,5.178439055384931,134.0
2006-10-01,-0.1,-0.47,5.25,2.21206207,201.9,207.6,84.702,84.726,162.2,4.4,8.2,328000.0,136843.0,99.2044,351035.0,80.1804,14068.0,1491.0,3.29,0.95,-0.6284,2429399.86,7001.7,1.4063284781516971,2.7722772277227747,1.67697016985775,2.4969151484357965,-2.4067388688327362,2.8481025781383007,4.241090651011281,5.385391110642845,17.0
2006-11-01,-0.16,-0.57,5.25,2.1998854,202.0,207.8,84.731,84.766,164.6,4.5,8.1,349000.0,137060.0,99.1627,352116.0,79.9663,14034.0,1570.0,3.2,0.94,-0.62829,2440749.07,7037.2,1.9687026754164672,2.6172839506172885,1.9246731063020883,2.284218020344375,0.5497861942577842,1.6621660136106442,3.6491924207948223,5.652559040341099,217.0
2006-12-01,-0.11,-0.31,5.24,2.12213778,203.1,208.1,85.032,84.88,165.6,4.4,7.9,341000.0,137249.0,100.1735,356367.0,80.5985,14009.0,1649.0,2.89,0.91,-0.63508,2456715.7,7080.1,2.5239777889954462,2.6134122287968298,2.2867522344251823,2.31560168275895,1.595092024539868,2.1707334984272686,4.846202503714392,5.865905080893574,189.0
2007-01-01,-0.11,-0.29,5.25,2.14807579,203.437,208.6,85.316,85.224,164.0,4.6,8.3,308000.0,137472.0,99.8346,355792.0,80.1452,14004.0,1409.0,2.72,0.89,-0.68116,2457945.58,7118.3,2.075765178123423,2.657480314960625,2.133263102449301,2.500451019303629,-0.1825928180158365,1.6646656462990128,1.7525395808547728,5.768116372713616,223.0
2007-02-01,-0.09,-0.6,5.26,2.28715091,204.226,209.135,85.581,85.408,166.8,4.5,8.1,322000.0,137560.0,100.7753,356545.0,80.7218,13993.0,1480.0,2.82,0.9,-0.66269,2470049.92,7134.3,2.420260782347028,2.71856581532417,2.389213246554367,2.556466816364278,3.0902348578492056,2.5793632616832207,2.744502494085377,5.619790664278201,88.0
2007-03-01,0.07,-0.39,5.26,2.0249864,205.288,209.418,85.894,85.494,169.3,4.4,8.0,307000.0,137784.0,100.9547,359415.0,80.6932,13964.0,1495.0,2.85,0.95,-0.60655,2484433.18,7168.2,2.798197295943927,2.5051395007342103,2.564898622023759,2.376989306541799,4.3773119605425626,2.5308035115800154,3.1743297823784156,5.892780642016149,224.0
2007-04-01,0.03,-0.28,5.25,2.07748685,205.904,209.747,86.096,85.616,171.4,4.5,8.2,301000.0,137847.0,101.6334,358562.0,81.0737,13939.0,1490.0,2.74,0.94,-0.58818,2493729.77,7240.7,2.5929247633283525,2.4155273437499902,2.3307779164438047,2.210973687980511,4.321363359707853,2.9076019270608766,2.4252153842638124,6.372945099825178,63.0
2007-05-01,-0.02,0.17,5.25,2.0318442,206.755,210.058,86.346,85.717,173.3,4.4,8.2,310000.0,137992.0,101.7306,363085.0,81.0044,13922.0,1415.0,2.46,0.94,-0.55333,2510016.06,7254.6,2.709885742672613,2.267770204479058,2.352983013477794,2.075642460761662,4.523522316043427,2.9798485426711263,4.06891590161913,6.470786797188022,145.0
2007-06-01,0.16,0.21,5.25,2.24630973,207.234,210.392,86.529,85.859,173.8,4.6,8.3,317000.0,138070.0,101.7893,360234.0,80.9238,13903.0,1448.0,2.98,1.0,-0.52267,2519121.04,7287.8,2.692765113974227,2.181641573579407,2.3176341212501006,1.9872662913073214,4.635761589403975,2.7140344521729087,2.6907453070881937,6.363291397880855,78.0
2007-07-01,0.22,-0.18,5.26,2.37357342,207.603,210.773,86.661,85.988,175.1,4.7,8.4,305000.0,138044.0,101.6672,361770.0,80.7255,13881.0,1354.0,4.19,1.29,-0.29146,2533667.67,7318.7,2.3178905864958077,2.1682016480853106,2.1247260128685497,2.0411069445103625,4.9760191846522694,2.6434417747193573,2.800100023869323,6.166589300220493,-26.0
2007-08-01,0.39,0.53,5.02,2.13388077,207.667,211.119,86.72,86.116,172.4,4.6,8.4,329000.0,138013.0,101.863,363676.0,80.8082,13821.0,1330.0,4.55,1.45,0.20525,2552767.07,7394.8,1.897448478900876,2.0884912959380886,1.873715124816444,1.984841307437235,2.6801667659321016,2.3917510021752353,2.9412513975968446,6.782573536844239,-31.0
2007-09-01,0.62,0.77,4.94,1.94622258,208.547,211.554,87.054,86.351,173.5,4.7,8.4,317000.0,138099.0,102.0894,365178.0,80.9387,13784.0,1183.0,4.2,1.49,0.07595,2566995.36,7413.0,2.8338264299802685,2.101351351351366,2.534687050952855,2.1023258013787016,4.897218863361541,2.7901202497425004,3.968226853433543,6.625050342327832,86.0
2007-10-01,0.54,0.54,4.76,1.98911422,209.19,212.077,87.318,86.576,174.7,4.7,8.4,328000.0,138175.0,101.8015,367322.0,80.6837,13756.0,1264.0,4.36,1.5,-0.00121,2582326.03,7428.1,3.610698365527476,2.1565510597302495,3.08847488843238,2.183509194344113,7.7065351418002415,2.6179282370540014,4.639708291196043,6.089949583672549,76.0
2007-11-01,0.93,0.82,4.49,1.82624712,210.834,212.66,87.781,86.746,179.0,4.7,8.5,352000.0,138290.0,102.3446,370776.0,81.1065,13751.0,1197.0,5.75,1.96,0.47993,2597649.3,7453.6,4.373267326732666,2.3387872954764077,3.5996270550330056,2.33584220088241,8.748481166464162,3.2087670061424323,5.29938997375865,5.9171261297106925,115.0
2007-12-01,0.99,0.68,4.24,1.38696881,211.445,213.168,87.984,86.92,178.6,5.0,8.8,360000.0,138395.0,102.3803,366569.0,81.1425,13739.0,1037.0,5.92,2.03,0.5195,2609476.53,7483.9,4.108813392417532,2.4353676117251366,3.471634208298058,2.4033930254476976,7.85024154589371,2.2029778334589523,2.8627791013197124,5.703309275292701,105.0
2008-01-01,1.5,1.71,3.94,1.39949068,212.174,213.771,88.206,87.093,181.0,5.0,9.1,366000.0,138391.0,102.2448,367368.0,81.0549,13717.0,1084.0,6.95,2.3,0.41082,2619427.65,7517.5,4.294695655165981,2.4789069990412305,3.3874068170097082,2.1930442128977656,10.365853658536594,2.4141930753466267,3.253586365067229,5.608080581037611,-4.0
2008-02-01,1.88,1.68,2.98,1.11112286,212.687,213.939,88.382,87.178,182.7,4.9,9.0,354000.0,138329.0,101.8438,364126.0,80.7602,13690.0,1103.0,7.67,2.52,0.78615,2634496.42,7604.0,4.142959270611968,2.29708083295479,3.2729227281756534,2.072405395279131,9.532374100719409,1.0602796518591306,2.126239324629431,6.583687257334292,-62.0
2008-03-01,1.83,2.07,2.61,1.02522008,213.448,214.42,88.635,87.349,187.9,5.1,9.1,387000.0,138259.0,101.5336,365164.0,80.5381,13650.0,1005.0,8.21,3.0,0.9436,2645603.64,7670.0,3.9749035501344343,2.388524386633417,3.1911425710759778,2.169742905934924,10.986414648552856,0.5734255066876637,1.5995437029617587,7.000362713093944,-70.0
2008-04-01,1.48,2.34,2.28,1.06289422,213.942,214.56,88.799,87.4,190.9,5.0,9.2,370000.0,138040.0,100.8785,364816.0,80.0376,13589.0,1013.0,6.86,2.6,0.64931,2654243.23,7712.5,3.9037609759888126,2.294669292051843,3.13951867682587,2.0837226686600596,11.376896149358217,-0.7427676334748168,1.7441892894394906,6.515944590992584,-219.0
2008-05-01,1.4,2.17,1.98,1.40051629,215.208,214.936,89.18,87.559,196.6,5.4,9.7,362000.0,137851.0,100.2674,368255.0,79.5579,13555.0,973.0,6.53,2.48,0.50324,2660193.15,7725.2,4.088413823123993,2.3222157689781087,3.282143932550441,2.148931950488242,13.44489324870166,-1.4383086308347726,1.423909002024315,6.486918644721951,-189.0
2008-06-01,1.36,2.09,2.0,1.48755401,217.463,215.424,89.827,87.76,200.5,5.6,10.0,392000.0,137700.0,100.0335,368926.0,79.3571,13494.0,1046.0,7.35,2.74,0.71136,2662409.52,7743.9,4.935966105947864,2.3917259211376996,3.8114389395462744,2.2140952025996308,15.362485615650169,-1.724935725071297,2.4128760749956957,6.258404456763356,-151.0
2008-07-01,1.47,2.31,2.01,1.44558109,219.016,215.965,90.245,87.918,205.5,5.8,10.5,434000.0,137497.0,99.676,367594.0,79.0325,13419.0,923.0,8.0,3.0,0.71442,2665321.26,7791.2,5.497512078341837,2.463313612274831,4.135655023597695,2.244499232451047,17.361507709880076,-1.9585471027037116,1.6098626198966182,6.456064601636902,-203.0
2008-08-01,1.47,2.11,2.0,1.35649733,218.69,216.393,90.172,88.026,199.0,6.1,10.8,442000.0,137211.0,98.1111,364611.0,77.7251,13348.0,844.0,8.36,3.17,0.83932,2662237.78,7805.8,5.308017162091239,2.4981171756213394,3.9806273062730657,2.217938594453983,15.4292343387471,-3.6832804845724265,0.25709697642957163,5.557959647319732,-286.0
2008-09-01,1.85,2.93,1.81,1.23957472,218.877,216.713,90.247,88.116,196.9,6.1,11.1,483000.0,136760.0,93.7895,358991.0,74.2216,13267.0,820.0,10.96,4.55,1.79249,2657389.13,7872.4,4.953319875136075,2.4386208722122937,3.6678383532060543,2.0439832775532407,13.487031700288178,-8.130031129578574,-1.694242259938994,6.197221098070949,-451.0
2008-10-01,2.45,3.55,0.97,1.48506331,216.995,216.788,89.651,87.991,186.4,6.5,11.8,480000.0,136291.0,94.7219,346137.0,74.8669,13138.0,777.0,16.17,6.06,2.7834,2660729.5,7974.9,3.7310578899565128,2.2213629955157854,2.6718431480336147,1.6344021437811884,6.69719519175731,-6.954317961916079,-5.767419321467271,7.361236386155268,-469.0
2008-11-01,1.93,2.92,0.39,1.63162854,213.153,216.947,88.593,87.952,176.8,6.8,12.7,529000.0,135541.0,93.4715,332498.0,73.782,13026.0,652.0,19.88,6.41,3.06035,2651481.39,8027.0,1.0999174706166848,2.015893915169764,0.9250293343662008,1.3902658335831042,-1.229050279329602,-8.669827230747885,-10.323753425248672,7.692926907802944,-750.0
2008-12-01,1.49,2.14,0.16,0.97537985,211.398,216.925,88.098,87.909,170.9,7.3,13.6,533000.0,134847.0,90.8357,324767.0,71.607,12842.0,560.0,18.12,6.04,2.70562,2643788.96,8204.7,-0.02222800255385904,1.7624596562335837,0.12956901254774777,1.137827887712839,-4.311310190369532,-11.276192783181926,-11.403582954368751,9.6313419473804,-694.0
2009-01-01,1.93,2.63,0.15,0.93854104,211.933,217.346,88.108,87.882,171.2,7.8,14.1,629000.0,134079.0,88.57,329787.0,69.7304,12552.0,490.0,16.26,5.31,2.12753,2647028.86,8289.0,-0.11358601902212717,1.6723503187990874,-0.11110355304627673,0.9059281457752144,-5.414364640883984,-13.374567704176643,-10.22979682498203,10.26272031925508,-768.0
2009-02-01,2.02,2.76,0.22,1.03930649,212.705,217.792,88.266,87.952,169.3,8.3,15.1,652000.0,133318.0,88.031,328376.0,69.2326,12371.0,582.0,17.38,5.48,2.13101,2638532.74,8319.3,0.008463140671510772,1.800980653363804,-0.13124844425335125,0.8878386748950362,-7.334428024083184,-13.562730377303279,-9.818030022574609,9.406891109942128,-761.0
2009-03-01,1.9,2.5,0.18,1.25074177,212.495,218.253,88.169,88.015,168.1,8.7,15.8,665000.0,132494.0,86.6528,322634.0,68.0889,12196.0,505.0,17.03,5.86,1.92029,2622827.85,8386.4,-0.4464787676623838,1.7876130957932945,-0.5257516782309568,0.762458642915198,-10.537519957424168,-14.656035046526473,-11.646821702029776,9.34028683181225,-824.0
2009-04-01,2.25,3.02,0.15,0.71281967,212.709,218.706,88.295,88.211,169.1,9.0,15.9,620000.0,131822.0,85.9344,324323.0,67.4762,12017.0,478.0,13.45,4.87,1.37502,2615973.01,8391.1,-0.5763244243767063,1.93232662192393,-0.5675739591662121,0.9279176201372863,-11.419591409114727,-14.81395936696125,-11.099568001403448,8.798703403565655,-672.0
2009-05-01,2.55,3.33,0.18,1.0174109,213.022,218.904,88.387,88.279,170.8,9.4,16.5,607000.0,131466.0,85.0665,327011.0,66.7676,11850.0,540.0,11.7,3.87,0.87139,2610010.78,8449.2,-1.015761495855172,1.8461309413034588,-0.8892128279883504,0.8223026759099472,-13.123092573753803,-15.160361194166793,-11.199847931460539,9.371925645937985,-356.0
2009-06-01,2.42,3.34,0.21,1.32210554,214.79,219.112,88.912,88.392,174.1,9.5,16.5,594000.0,131008.0,84.7459,332227.0,66.5138,11713.0,585.0,10.55,3.31,0.72171,2591475.41,8459.3,-1.2291746182109153,1.7119726678550107,-1.018624689681269,0.7201458523245163,-13.167082294264343,-15.282480369076357,-9.947523351566435,9.238239130154046,-458.0
2009-07-01,2.39,3.34,0.16,1.26690282,214.726,219.263,88.922,88.468,172.5,9.5,16.4,587000.0,130662.0,85.7027,333670.0,67.29,11654.0,594.0,9.22,2.73,0.41499,2590854.98,8463.5,-1.9587610037622771,1.5270992984974363,-1.4660091971854472,0.6255829295479742,-16.058394160583944,-14.018720654921957,-9.228659880193913,8.628966012937678,-346.0
2009-08-01,2.43,3.25,0.16,1.15904037,215.445,219.496,89.18,88.599,175.0,9.6,16.7,564000.0,130472.0,86.6426,339586.0,68.0795,11612.0,586.0,9.12,2.53,0.22931,2582126.01,8463.0,-1.4838355663267633,1.4339650543224725,-1.1001197711041022,0.6509440392611365,-12.060301507537686,-11.689299172061052,-6.8634791599814555,8.41938046068309,-190.0
2009-09-01,2.36,3.17,0.15,0.94923764,215.861,219.92,89.324,88.755,174.1,9.8,16.7,554000.0,130246.0,87.4063,330998.0,68.7549,11580.0,585.0,7.93,2.35,0.1025,2576594.39,8461.6,-1.377942862886472,1.4798373886199645,-1.0227486786264395,0.7251804439602383,-11.579481970543426,-6.805879122929537,-7.797688521439261,7.484375793912923,-226.0
2009-10-01,2.51,3.36,0.12,0.99714116,216.509,220.501,89.663,89.082,175.2,10.0,17.1,522000.0,130061.0,87.6419,334595.0,69.0357,11527.0,534.0,7.6,2.18,0.02153,2563422.73,8487.9,-0.22396829420033848,1.7127331771131127,0.013385238313023962,1.2398995351797337,-6.008583690987135,-7.474512230012276,-3.334517835423545,6.432682541473866,-185.0
2009-11-01,2.54,3.15,0.12,1.06141004,217.234,220.666,89.887,89.16,177.4,9.9,17.1,475000.0,130057.0,88.0221,337321.0,69.447,11498.0,588.0,7.65,2.21,-0.03156,2551569.29,8517.0,1.9145871744709275,1.714243571010421,1.4606120122357291,1.373476441695476,0.33936651583710287,-5.83001235670767,1.450535040812273,6.104397657904581,-4.0
2009-12-01,2.71,3.79,0.12,0.84804056,217.347,220.881,89.939,89.236,178.1,9.9,17.2,468000.0,129808.0,88.3793,338736.0,69.8541,11465.0,581.0,6.39,1.9,-0.14982,2555016.64,8512.2,2.8141231232083674,1.8236717759594345,2.089718268292118,1.5095155217327072,4.21299005266238,-2.704223119324234,4.301237502578781,3.7478518410179573,-249.0
2010-01-01,2.81,3.55,0.11,1.29792486,217.488,220.633,90.136,89.368,181.9,9.8,16.6,496000.0,129802.0,89.3426,339093.0,70.7532,11447.0,614.0,6.54,1.81,-0.19914,2543508.02,8477.7,2.6211113889767157,1.5123351706495702,2.301720615608116,1.690903711795344,6.25,0.87230439200634,2.8218213574216167,2.2765110387260368,-6.0
2010-02-01,2.8,3.48,0.13,1.12451541,217.281,220.731,90.134,89.446,181.0,9.8,17.0,488000.0,129706.0,89.6779,339580.0,71.1612,11439.0,604.0,6.71,1.85,-0.24436,2530024.28,8527.3,2.151336357866529,1.3494526888039982,2.1163301837627158,1.698653811169737,6.910809214412272,1.8708182344855606,3.411942407484103,2.5002103542365317,-96.0
2010-03-01,2.82,3.68,0.16,0.99873153,217.353,220.783,90.261,89.579,183.3,9.9,17.1,459000.0,129866.0,90.2928,346974.0,71.7964,11439.0,636.0,5.84,1.61,-0.41617,2536551.95,8523.5,2.2861714393279886,1.1592051426555505,2.3727160339801934,1.7769698346872698,9.042236763831069,4.200672107537207,7.544152197226572,1.6347896594486322,160.0
2010-04-01,2.72,3.53,0.2,1.3091053,217.403,220.822,90.31,89.625,184.4,9.9,17.2,449000.0,130120.0,90.5991,349869.0,72.1905,11475.0,687.0,5.61,1.55,-0.35033,2532764.79,8554.8,2.2067707525304403,0.9675088932173947,2.282122430488709,1.6029746856967897,9.047900650502672,5.4282103558062955,7.876715496588282,1.9508765239360626,254.0
2010-05-01,2.55,3.15,0.2,1.22638786,217.29,220.962,90.339,89.724,184.8,9.6,16.7,458000.0,130642.0,91.823,346858.0,73.3146,11511.0,583.0,6.98,2.02,-0.06971,2521687.94,8609.0,2.003548929218568,0.9401381427474931,2.20846957131704,1.636855877388732,8.196721311475418,7.942609605426321,6.069214797055755,1.891303318657389,522.0
2010-06-01,2.36,2.79,0.18,1.01936098,217.199,221.194,90.301,89.767,183.5,9.4,16.4,464000.0,130510.0,91.9928,346516.0,73.5918,11529.0,536.0,7.13,2.09,-0.07126,2518416.41,8628.1,1.1215605940686268,0.9501989849939774,1.5622188231059875,1.555570639876902,5.399195864445727,8.551328146848402,4.300974935811963,1.9954369746906009,-132.0
2010-07-01,2.39,2.79,0.18,0.84675907,217.605,221.363,90.378,89.769,184.1,9.4,16.4,476000.0,130415.0,92.3421,347612.0,74.0009,11546.0,546.0,6.59,1.89,-0.24558,2521104.8,8639.5,1.3407784804821077,0.9577539302116689,1.6373900721981194,1.4705882352941124,6.724637681159407,7.747013804699288,4.178379836365265,2.0795179299344158,-95.0
2010-08-01,2.0,2.33,0.19,0.65616389,217.923,221.509,90.502,89.855,184.9,9.5,16.5,467000.0,130415.0,92.6805,349188.0,74.3883,11538.0,599.0,6.92,1.95,-0.26867,2520422.13,8687.9,1.1501775395112546,0.9171009950067255,1.4823951558645243,1.4176232237384179,5.6571428571428495,6.968742858593813,2.8275606179288815,2.6574500768049125,0.0
2010-09-01,2.11,2.37,0.19,0.57706775,218.275,221.711,90.592,89.906,184.9,9.5,16.9,459000.0,130341.0,92.9537,352179.0,74.7076,11549.0,594.0,6.26,1.84,-0.33149,2522094.23,8718.7,1.1183122472331775,0.8143870498363182,1.419551296404098,1.2968283476987308,6.203331418724867,6.346682104150392,6.399132321041212,3.038432447764028,-74.0
2010-10-01,2.29,2.51,0.19,0.40880525,219.035,221.83,90.881,90.043,186.6,9.4,16.6,453000.0,130620.0,92.6903,356215.0,74.58,11548.0,543.0,5.93,1.77,-0.43184,2530106.0,8768.4,1.1666951489314625,0.6027183550187942,1.3584198610352205,1.0787813475225283,6.506849315068486,5.760258506490601,6.461543059519714,3.3047043438306334,279.0
2010-11-01,2.36,2.64,0.19,0.33888956,219.59,222.149,91.062,90.16,187.7,9.8,16.9,432000.0,130749.0,92.7709,359450.0,74.7131,11571.0,545.0,6.22,1.82,-0.44904,2531232.26,8789.0,1.084544776600338,0.672056411046551,1.3071968137772894,1.1215791834903621,5.806087936865834,5.39500875348351,6.560220087098045,3.1936127744510934,129.0
2010-12-01,2.69,3.18,0.18,0.62620927,220.472,222.343,91.268,90.179,189.7,9.3,16.6,404000.0,130830.0,93.6787,361979.0,75.4968,11579.0,539.0,5.41,1.66,-0.52229,2646811.26,8823.2,1.437793022217937,0.6618948664665503,1.477668197333748,1.056748397507734,6.513194834362723,5.996200467756596,6.861685796608574,3.6535795681492456,81.0
2011-01-01,2.84,3.27,0.17,0.86397716,221.187,222.803,91.542,90.372,192.7,9.1,16.1,420000.0,130837.0,93.4814,364394.0,75.3741,11606.0,630.0,5.08,1.62,-0.59345,2657360.1,8849.0,1.7007834915029774,0.9835337415527112,1.5598650927487467,1.1234446334258408,5.937328202308945,4.632504538708293,7.461374903050189,4.379725633131626,7.0
2011-02-01,2.73,3.27,0.16,0.82968718,221.898,223.213,91.797,90.53,195.8,9.0,16.0,385000.0,131057.0,93.1102,367475.0,75.0928,11637.0,517.0,4.78,1.51,-0.57234,2663779.92,8913.3,2.124898173333145,1.124445592146106,1.8450307320212023,1.2119043892404369,8.176795580110507,3.827364378514675,8.214559161316926,4.52663797450541,220.0
2011-03-01,2.67,3.38,0.14,0.87385088,223.046,223.454,92.166,90.667,199.2,9.0,16.0,399000.0,131283.0,94.0788,370775.0,75.8747,11659.0,600.0,4.77,1.5,-0.54776,2672031.38,8971.5,2.619241510354109,1.2097851736773357,2.1105460830258993,1.2145703792183493,8.674304418985269,4.193025357503588,6.859591784975239,5.256056784184904,226.0
2011-04-01,2.71,3.28,0.1,0.97750283,224.093,223.727,92.557,90.875,203.1,9.1,16.1,468000.0,131597.0,93.7749,372820.0,75.6127,11689.0,554.0,4.76,1.47,-0.59921,2679950.15,9035.1,3.0772344447868694,1.3155392125784537,2.488096556306063,1.3947001394700065,10.1409978308026,3.505332834432129,6.55988384223809,5.6143919203254455,314.0
2011-05-01,2.6,2.99,0.09,0.71147484,224.806,224.175,92.838,91.091,204.1,9.0,15.9,418000.0,131703.0,93.888,372505.0,75.6684,11697.0,561.0,5.09,1.56,-0.56077,2683973.45,9107.8,3.4589718808964998,1.4540961794335727,2.7662471357885243,1.5235611430609364,10.443722943722932,2.248891889831528,7.394092106856398,5.793936577999759,106.0
2011-06-01,2.73,3.15,0.09,0.49226699,224.806,224.697,92.819,91.191,203.9,9.1,16.1,421000.0,131931.0,94.172,375587.0,75.8425,11710.0,608.0,5.42,1.64,-0.51927,2693088.33,9182.1,3.5023181506360412,1.5836776766096738,2.7884519551278464,1.5863290518787654,11.11716621253407,2.3688810428642126,8.38951159542416,6.420880611026769,228.0
2011-07-01,2.46,2.72,0.07,0.57395235,225.395,225.218,92.977,91.326,204.6,9.0,15.9,406000.0,131992.0,94.636,375442.0,76.1431,11729.0,623.0,5.58,1.66,-0.39423,2717525.97,9344.2,3.5798809769996165,1.741483445742964,2.875699838456258,1.7344517595160758,11.135252580119491,2.484132372991299,8.006052725452516,8.156722032525042,61.0
2011-08-01,2.03,2.21,0.1,0.39497491,226.106,225.862,93.196,91.508,203.2,9.0,16.1,409000.0,132125.0,95.2749,375860.0,76.5667,11748.0,585.0,7.3,2.21,-0.1376,2709151.87,9531.0,3.75499603070808,1.9651571719433658,2.9767297960266115,1.8396305158310478,9.897241752298536,2.7992943499441703,7.63829226663002,9.704301384684456,133.0
2011-09-01,1.67,1.9,0.08,0.21493888,226.597,226.118,93.327,91.57,203.7,9.0,16.4,406000.0,132344.0,95.1961,380042.0,76.3992,11752.0,650.0,8.41,2.57,-0.03879,2720060.44,9551.5,3.812621692818685,1.9877227562006272,3.0190303779583205,1.8508219696126815,10.167658193618156,2.4123837996766095,7.9116017706904795,9.551882734811379,219.0
2011-10-01,1.92,2.16,0.07,0.09856249,226.75,226.506,93.329,91.614,201.1,8.8,15.8,399000.0,132553.0,95.8568,382207.0,76.8123,11762.0,610.0,7.07,2.22,-0.104,2727962.54,9584.4,3.5222681306640524,2.1079204796465634,2.693632332390705,1.744721966171725,7.770632368703101,3.4162150732061747,7.296716870429365,9.306144792664561,209.0
2011-11-01,1.83,2.07,0.08,0.13706953,227.169,226.899,93.52,91.808,201.4,8.6,15.6,397000.0,132690.0,95.8485,383422.0,76.6783,11753.0,711.0,7.79,2.66,-0.07321,2746799.26,9636.5,3.451432214581729,2.138204538395394,2.6992598449408156,1.8278615794143915,7.298881193393725,3.3174195787687877,6.669077757685349,9.642735237228361,137.0
2011-12-01,1.64,1.87,0.07,0.14446831,227.223,227.405,93.574,91.96,199.8,8.5,15.2,376000.0,132888.0,96.3571,383985.0,76.9495,11783.0,694.0,7.23,2.57,-0.15,2756224.85,9683.9,3.062066838419386,2.276662633858506,2.5266248849541872,1.9749609110768507,5.324196099103862,2.859134467066693,6.079358194812401,9.754964185329573,198.0
2012-01-01,1.61,1.77,0.08,0.14610051,227.842,227.877,93.894,92.235,200.7,8.3,15.1,372000.0,133246.0,96.9318,387531.0,77.2652,11820.0,723.0,6.61,2.29,-0.32484,2770124.65,9757.6,3.0087663379855023,2.2773481506083826,2.569312446745764,2.0614792192271914,4.1515308770109005,3.6910016324102957,6.349445929406072,10.267826873093,358.0
2012-02-01,1.68,1.9,0.1,0.02185103,228.329,228.034,94.104,92.364,201.6,8.3,15.0,365000.0,133509.0,97.2435,392310.0,77.3673,11841.0,704.0,5.98,2.03,-0.40887,2777643.62,9809.8,2.8981784423473878,2.1598204405657295,2.5131540246413397,2.0258477852645562,2.962206332992845,4.439148449901298,6.758282876386157,10.058003208688149,263.0
2012-03-01,1.9,2.16,0.13,0.16923691,228.807,228.478,94.284,92.521,204.2,8.2,14.6,358000.0,133748.0,96.74,393698.0,76.8194,11880.0,695.0,5.99,1.92,-0.43704,2791565.95,9853.9,2.5828752813320977,2.2483374654291177,2.2980274721697835,2.044845423362407,2.5100401606425793,2.8286925428470555,6.182455667183606,9.835590480967493,239.0
2012-04-01,1.68,1.85,0.14,0.19464573,229.187,228.905,94.408,92.661,203.7,8.2,14.7,372000.0,133825.0,97.4359,392073.0,77.2234,11897.0,753.0,6.04,2.03,-0.3801,2802317.58,9907.7,2.2731633741348567,2.314427851801515,1.9998487418563693,1.9653370013755112,0.2954209748892156,3.9040297563633697,5.164154283568467,9.657889785392527,77.0
2012-05-01,1.32,1.52,0.16,-0.08722198,228.713,229.224,94.302,92.755,201.9,8.2,14.8,381000.0,133932.0,97.6609,391376.0,77.2546,11908.0,708.0,6.96,2.29,-0.2629,2817982.27,9951.4,1.7379429374660749,2.252258280361308,1.5769404769598871,1.826744683887549,-1.0779029887310054,4.0185114178595605,5.065972268828611,9.262390478490978,107.0
2012-06-01,1.34,1.58,0.16,-0.04815105,228.524,229.623,94.254,92.85,199.8,8.2,14.7,372000.0,134013.0,97.6663,387901.0,77.1149,11918.0,757.0,6.44,2.15,-0.27683,2829850.8,10021.6,1.653870448297634,2.192285611289857,1.5460196726963193,1.8192584794552102,-2.0107896027464434,3.7105509068513065,3.278601229542022,9.142788686683879,81.0
2012-07-01,1.28,1.4,0.16,-0.05482603,228.59,229.97,94.288,92.946,200.1,8.2,14.7,372000.0,134157.0,97.8713,389686.0,77.1372,11944.0,740.0,6.16,1.94,-0.36872,2840049.63,10074.5,1.4175114798464783,2.109955687378462,1.4100261354958565,1.7738650548584145,-2.1994134897360684,3.418677881567289,3.7939282232675176,7.815543331692387,144.0
2012-08-01,1.35,1.48,0.13,-0.06008478,229.918,230.233,94.605,93.005,202.7,8.1,14.6,377000.0,134339.0,97.4525,394524.0,76.672,11940.0,754.0,5.98,1.86,-0.46278,2857102.48,10145.6,1.6859349154821235,1.9352524993137443,1.51186746212284,1.6359225422913903,-0.24606299212598381,2.285596731143258,4.965678710158028,6.448431434267121,182.0
2012-09-01,1.42,1.55,0.14,-0.16925714,231.015,230.659,94.893,93.119,204.4,7.8,14.8,376000.0,134517.0,97.381,397681.0,76.4846,11934.0,847.0,5.74,1.69,-0.52953,2865789.74,10226.1,1.9497168982819613,2.0082434834909124,1.6779710051753494,1.6916020530741482,0.3436426116838476,2.2951570495009843,4.641329116255566,7.062765010731309,178.0
2012-10-01,1.42,1.61,0.16,-0.09317224,231.638,231.024,95.174,93.345,203.5,7.8,14.4,364000.0,134669.0,97.7193,397494.0,76.6227,11941.0,915.0,5.63,1.51,-0.55143,2881779.34,10292.4,2.1556780595369363,1.9946491483669337,1.9768774978838444,1.889449210819305,1.1934361014420691,1.9430024786973865,3.9996651029416075,7.38700388130713,152.0
2012-11-01,1.37,1.54,0.16,-0.00573705,231.249,231.33,95.109,93.445,201.8,7.7,14.4,388000.0,134825.0,98.0777,399708.0,76.78,11930.0,833.0,5.65,1.6,-0.55731,2903346.97,10361.9,1.7960197033926262,1.9528512686261434,1.6991017964071764,1.7830690135935745,0.19860973187686426,2.3257536633332743,4.247539264830924,7.527629326000107,156.0
2012-12-01,1.53,1.73,0.16,-0.17237745,231.221,231.725,95.094,93.514,201.5,7.9,14.4,362000.0,135074.0,98.3101,401093.0,76.8435,11939.0,976.0,5.34,1.54,-0.60165,2912905.02,10484.1,1.7595049796895523,1.8996943778720743,1.6243828413875505,1.6898651587646807,0.8508508508508372,2.0268355938483085,4.455382371707217,8.263199743904837,249.0
2013-01-01,1.75,1.95,0.14,0.08440142,231.679,232.229,95.275,93.703,202.5,8.0,14.5,366000.0,135257.0,98.3342,404434.0,76.7502,11962.0,888.0,4.95,1.48,-0.64508,2931381.51,10508.1,1.684061762098299,1.9098022178631435,1.4708075063369241,1.5915867078657886,0.8968609865470878,1.4467904237824847,4.361715578882719,7.6914405181601975,183.0
2013-02-01,1.64,1.78,0.15,0.17210018,232.937,232.569,95.614,93.805,204.3,7.7,14.3,342000.0,135546.0,98.7941,409118.0,77.0029,11974.0,962.0,4.98,1.49,-0.65237,2953480.76,10527.5,2.0181404902574807,1.9887385214485631,1.6046076681118793,1.5601316530249987,1.3392857142857206,1.5945538776370727,4.284366954704177,7.316153234520595,289.0
2013-03-01,1.62,1.8,0.14,0.05034072,232.282,232.794,95.488,93.891,204.0,7.5,13.9,375000.0,135689.0,99.1921,406223.0,77.2135,11977.0,1010.0,4.86,1.51,-0.66567,2963147.07,10583.8,1.5187472411246183,1.8890221377988237,1.276992915022701,1.4807449119659477,-0.09794319294808007,2.534732272069462,3.181372524117476,7.407219476552429,143.0
2013-04-01,1.48,1.65,0.15,-0.02421188,231.797,232.832,95.391,93.937,203.5,7.6,14.0,331000.0,135873.0,99.1065,404231.0,77.0553,11978.0,835.0,4.55,1.47,-0.70591,2972772.62,10611.3,1.138808047576867,1.715558856294086,1.0412253198881505,1.3770626261318197,-0.09818360333824216,1.7145631127746475,3.1009531388287437,7.101547281407372,184.0
2013-05-01,1.86,2.12,0.11,-0.01939123,231.893,232.996,95.461,94.047,204.1,7.5,13.9,353000.0,136096.0,99.1839,406677.0,77.0307,11978.0,930.0,4.62,1.47,-0.69267,2988661.4,10646.1,1.3903888279197085,1.6455519491850756,1.2290301372187118,1.3929168238908884,1.08964834076275,1.5594777439077445,3.909539675401663,6.980927306710627,223.0
2013-06-01,2.16,2.48,0.09,0.22769375,232.445,233.35,95.673,94.209,204.3,7.5,14.2,340000.0,136279.0,99.3897,407921.0,77.1119,11982.0,839.0,5.21,1.67,-0.63174,3000936.05,10703.3,1.7157935271568725,1.6230952474272975,1.5055063976064709,1.4636510500807942,2.2522522522522515,1.7645800035426706,5.161110695770321,6.802307016843612,183.0
2013-07-01,2.29,2.56,0.09,0.54638104,232.9,233.88,95.792,94.329,204.4,7.3,13.8,334000.0,136391.0,99.0814,410268.0,76.8008,11962.0,880.0,4.71,1.53,-0.66279,3014697.69,10742.8,1.885471805415806,1.7002217680567089,1.5951128457492025,1.4879607514040272,2.148925537231383,1.2364196654177428,5.281688333684054,6.633579830264513,112.0
2013-08-01,2.39,2.75,0.08,0.47506869,233.456,234.336,95.934,94.431,204.2,7.2,13.6,325000.0,136646.0,99.6543,409691.0,77.1772,11992.0,917.0,4.76,1.55,-0.66657,3030269.0,10801.2,1.538809488600279,1.782107690904433,1.4047883304264985,1.5332509004892136,0.7400098667982302,2.2593571227008002,3.844379556123334,6.46191452452296,255.0
2013-09-01,2.31,2.62,0.08,0.54083451,233.544,234.7,95.976,94.543,203.9,7.2,13.5,319000.0,136821.0,100.161,410044.0,77.5046,12010.0,850.0,4.83,1.56,-0.67896,3045861.58,10862.0,1.0947341081747997,1.7519368418314363,1.1412854478201728,1.529226044094134,-0.24461839530333096,2.854766330187619,3.108773112117502,6.218401932310447,175.0
2013-10-01,2.26,2.53,0.09,0.49296942,233.669,234.921,96.103,94.703,202.5,7.2,13.6,347000.0,137041.0,100.082,411399.0,77.3802,12033.0,925.0,4.36,1.45,-0.72834,3063380.14,10986.3,0.8767991434911471,1.686837731144819,0.9761069199571093,1.4548181477315403,-0.49140049140049546,2.4178437626957816,3.498166010052972,6.741867785939126,220.0
2013-11-01,2.47,2.69,0.08,0.48963774,234.1,235.359,96.246,94.86,201.2,6.9,13.1,312000.0,137317.0,100.3158,412561.0,77.4988,12054.0,1100.0,4.27,1.41,-0.77164,3075875.88,10995.6,1.2328701961954458,1.7416677473738762,1.1954704602088029,1.5142597249719225,-0.29732408325074955,2.281966236973343,3.2155973860918508,6.115673766394192,276.0
2013-12-01,2.66,2.97,0.09,0.41829993,234.719,235.759,96.414,94.961,202.0,6.7,13.1,332000.0,137372.0,100.5175,414812.0,77.5927,12060.0,1002.0,4.0,1.28,-0.78094,3090467.79,11060.1,1.5128383667573297,1.7408566188369834,1.3881001955959427,1.5473618923369736,0.2481389578163684,2.245344069429267,3.4204037467619797,5.4940338226457275,55.0
2014-01-01,2.33,2.65,0.07,0.68063671,235.288,235.961,96.614,95.064,203.8,6.6,12.6,340000.0,137561.0,100.1599,411561.0,77.254,12058.0,888.0,4.21,1.3,-0.76498,3113002.96,11130.8,1.557758795574915,1.6070344358370292,1.4054054054054133,1.4524615006989983,0.6419753086419844,1.8566277042981971,1.7622158374419605,5.925904778218705,189.0
2014-02-01,2.33,2.61,0.07,0.50867731,235.547,236.185,96.66,95.109,205.7,6.7,12.6,341000.0,137712.0,100.9168,416736.0,77.7747,12084.0,944.0,3.81,1.22,-0.77797,3133891.8,11196.8,1.1204746347724948,1.5548073904948723,1.0939820528374389,1.3901177975587542,0.6852667645619093,2.148610089064018,1.8620544683929818,6.3576347660888155,151.0
2014-03-01,2.29,2.68,0.08,0.58045318,236.028,236.625,96.815,95.25,207.0,6.7,12.7,330000.0,137985.0,101.8942,421230.0,78.4628,12096.0,970.0,3.77,1.19,-0.77771,3150697.02,11232.6,1.6126949139408042,1.6456609706435588,1.38970341823057,1.447423075694143,1.4705882352941124,2.724108069090181,3.6942762965169296,6.130123396133724,273.0
2014-04-01,2.25,2.64,0.09,0.7022221,236.468,237.072,96.987,95.413,208.3,6.2,12.3,345000.0,138298.0,101.9928,425546.0,78.4705,12109.0,1043.0,3.71,1.14,-0.77076,3173234.63,11277.7,2.015125303606169,1.8210555250137483,1.6731138157687786,1.5712658483877373,2.358722358722365,2.9123215934373725,5.272975105818212,6.28009763176991,313.0
2014-05-01,2.11,2.44,0.09,0.62685415,236.918,237.529,97.147,95.574,208.0,6.3,12.3,312000.0,138513.0,102.3836,426253.0,78.6999,12120.0,1007.0,3.67,1.12,-0.79121,3192546.34,11342.8,2.166947687079812,1.9455269618362525,1.7661662878033946,1.62365625697789,1.9108280254777066,3.226027611336124,4.813648177792196,6.544180498022745,215.0
2014-06-01,2.06,2.49,0.1,0.62452944,237.231,237.837,97.253,95.682,208.3,6.1,12.0,308000.0,138849.0,102.735,427305.0,78.8952,12146.0,911.0,3.53,1.09,-0.78459,3209899.68,11398.1,2.0589816945944195,1.9228626526676562,1.6514586142380772,1.5635448842467259,1.95790504160549,3.365841732090935,4.751900490536154,6.491455906122412,336.0
2014-07-01,2.05,2.55,0.09,0.59099495,237.498,238.195,97.391,95.848,208.0,6.2,12.1,303000.0,139072.0,102.9632,428079.0,78.9933,12165.0,1085.0,4.04,1.1,-0.74071,3231535.62,11453.0,1.9742378703305974,1.8449632290063356,1.6692416903290486,1.6103213221808854,1.7612524461839474,3.9177888079901857,4.341308608031813,6.610939419890549,223.0
2014-08-01,1.87,2.32,0.09,0.6494057,237.46,238.405,97.379,95.885,207.0,6.1,12.0,303000.0,139269.0,102.7688,431379.0,78.7669,12182.0,984.0,3.84,1.12,-0.72403,3248721.35,11477.3,1.7150983482969062,1.73639560289498,1.5062438759980923,1.5397485995065185,1.3712047012732764,3.1253041765382905,5.293745774254255,6.259489686331143,197.0
2014-09-01,1.94,2.5,0.09,0.58085993,237.477,238.786,97.413,96.013,206.4,5.9,11.7,290000.0,139563.0,103.0641,430189.0,78.9218,12201.0,1023.0,4.4,1.2,-0.67508,3265101.43,11519.1,1.6840509711232077,1.7409458883681284,1.4972493123280861,1.5548480585553692,1.2260912211868646,2.89843352202952,4.912887397450039,6.049530473209352,294.0
2014-10-01,1.85,2.34,0.09,0.7009647,237.43,239.191,97.384,96.096,203.4,5.7,11.5,291000.0,139798.0,103.0764,431903.0,78.8663,12233.0,1074.0,4.3,1.27,-0.64533,3275438.44,11593.1,1.6095417021513292,1.817632310436279,1.3329448612426242,1.4709143321753215,0.4444444444444473,2.9919466037849007,4.98396933390699,5.523242583945476,235.0
2014-11-01,1.71,2.16,0.09,0.71330026,236.983,239.458,97.291,96.181,200.9,5.8,11.4,291000.0,140089.0,103.7126,433113.0,79.2962,12260.0,1001.0,4.67,1.35,-0.65022,3283048.38,11634.2,1.231524989320798,1.7415947552462452,1.0857594081832067,1.392578536791067,-0.14910536779323413,3.3861066751199598,4.981566362307643,5.807777656517166,291.0
2014-12-01,1.5,2.13,0.12,0.38472537,236.252,239.584,97.12,96.249,197.0,5.6,11.2,285000.0,140364.0,103.7044,430110.0,79.2419,12266.0,1073.0,5.04,1.44,-0.57208,3309539.83,11717.6,0.6531213919623191,1.6224195046636636,0.7322588005891362,1.3563462895293865,-2.4752475247524774,3.170492700276073,3.687935739563941,5.9447925425629045,275.0
2015-01-01,1.21,1.66,0.11,0.7099428,234.747,239.811,96.654,96.214,192.0,5.7,11.2,281000.0,140568.0,102.8905,428208.0,78.5803,12265.0,1085.0,5.26,1.53,-0.50482,3319930.47,11805.2,-0.22993097820542818,1.631625565241701,0.04140186722421113,1.2097113523521053,-5.789990186457317,2.7262407410550527,4.0448438992032765,6.058863693535077,204.0
2015-02-01,1.37,1.98,0.11,0.53838038,235.342,240.172,96.825,96.324,191.1,5.5,10.9,317000.0,140827.0,102.2335,427119.0,78.055,12275.0,886.0,4.46,1.32,-0.52482,3337844.15,11922.8,-0.08703146293520536,1.6880834938713285,0.1707014276846719,1.2774816263445121,-7.097715119105496,1.30473816054415,2.4915054134991843,6.483995427264944,259.0
2015-03-01,1.38,1.91,0.11,0.75170542,235.976,240.755,97.008,96.47,191.5,5.4,10.9,269000.0,140923.0,101.8914,433647.0,77.7804,12286.0,960.0,4.82,1.36,-0.5387,3360575.76,11920.5,-0.022031284423873476,1.7453777073428434,0.19934927438929329,1.2808398950131306,-7.487922705314009,-0.0027479483621140055,2.9477957410440903,6.1241386678062115,96.0
2015-04-01,1.47,2.04,0.12,0.41032252,236.222,241.346,97.094,96.648,190.9,5.4,10.9,269000.0,141196.0,101.3355,434470.0,77.3487,12291.0,1190.0,4.59,1.34,-0.54571,3382639.53,11954.6,-0.10403098939391064,1.802827832894649,0.11032406404982709,1.2943728841981805,-8.353336533845413,-0.6444572558062966,2.0970705869635786,6.002110359381785,273.0
2015-05-01,1.51,2.11,0.12,0.53392144,237.001,241.688,97.327,96.766,193.4,5.6,10.9,275000.0,141538.0,100.8883,437865.0,77.0092,12306.0,1079.0,4.58,1.38,-0.54741,3399365.69,11982.6,0.03503321824429584,1.7509440952473199,0.18528621573490334,1.2472011216439594,-7.0192307692307665,-1.460487812501221,2.724203700619121,5.640582572204411,342.0
2015-06-01,1.71,2.34,0.13,0.5537778,237.657,242.064,97.516,96.882,194.8,5.3,10.4,275000.0,141709.0,100.571,437951.0,76.7774,12307.0,1205.0,5.0,1.48,-0.54026,3425250.89,12023.2,0.1795718097550525,1.7772676244655061,0.27042867572208973,1.254154386404971,-6.481036965914544,-2.106390227283794,2.4914288388855788,5.484247374562434,171.0
2015-07-01,1.53,2.12,0.13,0.6670749,238.034,242.565,97.605,96.978,193.9,5.2,10.3,269000.0,141991.0,101.2228,441942.0,77.2924,12323.0,1146.0,5.36,1.58,-0.50031,3444143.74,12067.0,0.22568611104094582,1.8346312894897077,0.2197328295222345,1.1789500041732737,-6.7788461538461515,-1.6903126553953207,3.238420945666576,5.361040775342696,282.0
2015-08-01,1.47,2.13,0.14,0.54830556,238.033,242.817,97.612,97.056,191.9,5.1,10.2,279000.0,142125.0,101.0367,441849.0,77.1715,12318.0,1130.0,5.7,1.69,-0.41722,3460249.09,12112.0,0.2413037985344868,1.8506323273421277,0.23927130079379744,1.2212546279397163,-7.294685990338157,-1.6854337113987983,2.4271000674580767,5.53004626523661,134.0
2015-09-01,1.42,2.06,0.14,0.51245991,237.498,243.316,97.477,97.196,189.1,5.0,10.0,272000.0,142275.0,100.7547,439867.0,76.9791,12326.0,1224.0,6.62,1.78,-0.40432,3487879.79,12173.9,0.008842961634170088,1.8970961446650891,0.06569964994405098,1.2321248164310905,-8.381782945736438,-2.2407414414912674,2.2497088489012995,5.684471877143182,150.0
2015-10-01,1.41,2.08,0.12,0.52877171,237.733,243.768,97.477,97.228,187.5,5.0,9.8,275000.0,142579.0,100.2675,438693.0,76.6282,12334.0,1058.0,5.9,1.66,-0.46673,3502824.92,12225.2,0.12761656067050708,1.9135335359607986,0.09549823379610967,1.1779886779886617,-7.817109144542778,-2.72506606749946,1.5721122566872747,5.452381157757635,304.0
2015-11-01,1.27,1.99,0.12,0.6662057,238.017,244.241,97.538,97.332,185.7,5.1,10.0,265000.0,142808.0,99.5298,440303.0,76.0819,12329.0,1172.0,6.4,1.62,-0.44366,3510642.87,12317.0,0.4363182169185187,1.9974275238246353,0.2538775426298434,1.1967020513407034,-7.565953210552523,-4.033068306068888,1.660074853444704,5.868903749290877,229.0
2015-12-01,1.21,2.11,0.24,0.64742223,237.761,244.547,97.456,97.396,183.5,5.0,9.9,276000.0,143077.0,99.0417,442149.0,75.7214,12333.0,1146.0,6.95,1.73,-0.36134,3400230.33,12387.9,0.6387247515364791,2.0715072792840905,0.34596375617792496,1.191700692994213,-6.852791878172592,-4.496144811599123,2.7990514054544224,5.72045470062128,269.0
2016-01-01,1.18,1.61,0.34,0.73450597,237.652,244.955,97.496,97.567,182.6,4.8,9.7,282000.0,143210.0,99.5607,439466.0,76.1248,12354.0,1092.0,7.77,2.02,-0.29754,3419760.04,12526.2,1.2375025026943876,2.145022538582464,0.8711486332691809,1.4062402560957699,-4.895833333333332,-3.236256019749162,2.629096140193554,6.107478060515703,133.0
2016-02-01,0.96,1.41,0.38,0.538738,237.336,245.51,97.445,97.736,181.3,4.9,9.6,269000.0,143406.0,99.0445,443117.0,75.7291,12337.0,1225.0,7.75,2.05,-0.31547,3438515.07,12599.1,0.8472775790126619,2.222573822094165,0.640330493157748,1.4658859681907055,-5.128205128205121,-3.1193297695960798,3.74556037076319,5.672325292716485,196.0
2016-03-01,1.05,1.57,0.36,0.55140742,238.08,245.913,97.673,97.876,182.1,5.0,9.8,271000.0,143662.0,98.3096,441856.0,75.1587,12313.0,1111.0,7.05,1.7,-0.37027,3466202.59,12649.6,0.8916160965521946,2.142426948557663,0.6855104733630268,1.4574479112677619,-4.908616187989557,-3.515311400177057,1.8930143642178932,6.1163541797743415,256.0
2016-04-01,1.06,1.61,0.37,0.34527268,238.992,246.551,97.993,98.117,183.2,5.1,9.9,278000.0,143854.0,98.6421,444254.0,75.3969,12325.0,1163.0,6.21,1.52,-0.38512,3486177.34,12728.7,1.1726257503534843,2.156654761214183,0.9259068531526138,1.5199486797450534,-4.033525405971716,-2.6579036961380753,2.251939144244708,6.475331671490481,192.0
2016-05-01,0.97,1.5,0.37,0.41364983,239.557,247.137,98.153,98.284,185.3,4.8,9.9,263000.0,143900.0,98.4184,445490.0,75.2034,12303.0,1148.0,5.97,1.54,-0.37403,3503680.59,12796.3,1.0784764621246223,2.2545595974976074,0.8486853596638255,1.5687328193787042,-4.188210961737326,-2.448153056399993,1.7414043141150914,6.790679819070977,46.0
2016-06-01,0.91,1.23,0.38,0.51909852,240.222,247.54,98.325,98.386,187.6,4.9,9.5,262000.0,144147.0,98.8833,450237.0,75.5298,12321.0,1203.0,6.21,1.62,-0.34785,3524010.3,12856.9,1.0792865347959424,2.2622116465067066,0.8296074490339977,1.5524039553270974,-3.696098562628347,-1.678117946525337,2.805336670084091,6.934094084769438,247.0
2016-07-01,0.79,1.18,0.39,0.16534694,240.101,247.829,98.342,98.529,187.7,4.8,9.6,266000.0,144520.0,98.9992,449789.0,75.5839,12342.0,1239.0,5.69,1.5,-0.35846,3542768.11,12911.3,0.8683633430518256,2.1701399624842965,0.7550842682239489,1.5993318072140106,-3.1975244971634953,-2.196738284260069,1.7755723601739604,6.996768045081625,373.0
2016-08-01,0.78,1.25,0.4,0.22683746,240.545,248.423,98.479,98.703,186.6,4.9,9.6,261000.0,144661.0,98.85,449946.0,75.432,12319.0,1171.0,5.1,1.39,-0.35357,3565415.37,12995.8,1.0553158595656864,2.3087345614186683,0.8882104659263312,1.6969584569733076,-2.7618551328817187,-2.164263084601936,1.8325264966085664,7.296895640686918,141.0
2016-09-01,0.83,1.31,0.4,0.2160743,241.176,248.842,98.666,98.834,186.9,5.0,9.7,247000.0,144967.0,98.7457,453056.0,75.3145,12317.0,1068.0,4.97,1.43,-0.33819,3586384.17,13056.7,1.5486446201652182,2.271120682569183,1.2197749212634612,1.6852545372237682,-1.1634056054997344,-1.9939516469206886,2.9984063364608016,7.2515791981205835,306.0
2016-10-01,0.98,1.5,0.4,0.28979681,241.741,249.142,98.868,98.961,186.7,4.9,9.6,265000.0,145065.0,98.7611,453847.0,75.2918,12316.0,1313.0,4.91,1.38,-0.37881,3601496.03,13130.0,1.685924966243646,2.2045551507991146,1.4270032930845167,1.7824083597317797,-0.4266666666666752,-1.5023811304759715,3.4543519044069493,7.401105912377703,98.0
2016-11-01,1.26,1.89,0.41,0.34660933,242.026,249.481,98.901,99.005,186.3,4.7,9.4,255000.0,145183.0,98.3491,453892.0,74.9498,12311.0,1140.0,4.67,1.36,-0.42912,3618234.46,13204.0,1.6843334719788938,2.1454219398053587,1.3974040886628902,1.7188591624542893,0.3231017770597866,-1.1862778785850958,3.0862837636809193,7.201428919379715,118.0
2016-12-01,1.25,1.94,0.54,0.70045658,242.637,249.92,99.071,99.12,188.2,4.7,9.2,244000.0,145408.0,99.0214,459305.0,75.4424,12324.0,1252.0,4.22,1.3,-0.46699,3636437.75,13248.7,2.0507989115119862,2.197123661300271,1.6571581021178838,1.770093227647962,2.5613079019073615,-0.02049641716570516,3.8801399528213265,6.948716085857987,225.0
2017-01-01,1.26,1.93,0.65,0.72565107,243.618,250.467,99.451,99.385,190.7,4.7,9.2,241000.0,145628.0,98.7611,464412.0,75.2339,12334.0,1190.0,4.0,1.28,-0.48694,3653343.88,13324.3,2.5103933482571117,2.2502092221020176,2.0052104701731244,1.863334939067518,4.435925520262862,-0.8031281419274894,5.676434581969936,6.371445450336077,220.0
2017-02-01,1.14,1.83,0.66,0.77438158,244.006,250.998,99.586,99.561,191.6,4.6,9.0,221000.0,145846.0,98.3646,464284.0,74.9346,12350.0,1271.0,3.74,1.21,-0.48778,3670001.71,13391.8,2.8103616813294208,2.2353468290497336,2.1971368464261953,1.867275108455435,5.681191395477092,-0.6864591168616152,4.776842233541023,6.291719249787664,218.0
2017-03-01,1.13,1.64,0.79,0.91650302,243.892,250.944,99.535,99.519,191.5,4.4,8.8,236000.0,145970.0,99.0137,463674.0,75.4439,12361.0,1190.0,3.92,1.24,-0.48076,3685313.86,13452.7,2.44119623655914,2.045845481938735,1.9063610209576698,1.6786546242183897,5.161998901702369,0.7162067590550603,4.937807792584015,6.34881735390842,124.0
2017-04-01,1.01,1.49,0.9,0.76575378,244.193,251.227,99.725,99.723,193.0,4.4,8.6,232000.0,146175.0,100.0224,465276.0,76.2392,12367.0,1146.0,3.81,1.23,-0.50771,3699276.18,13508.7,2.176223471915395,1.8965650108902388,1.76747318686028,1.6368213459441172,5.349344978165949,1.3993011097695573,4.7319776524240575,6.127884230125624,205.0
2017-05-01,0.93,1.23,0.91,0.7764088,244.004,251.43,99.682,99.803,192.8,4.4,8.5,253000.0,146380.0,100.1408,462754.0,76.368,12377.0,1157.0,3.74,1.19,-0.54575,3713355.62,13561.4,1.8563431667619756,1.7370931912259246,1.557772049759043,1.545521142810613,4.04749055585536,1.7500792534729248,3.8752833958113575,5.979072075521841,205.0
2017-06-01,0.93,1.28,1.04,0.73611135,244.163,251.746,99.766,99.937,193.6,4.3,8.5,247000.0,146583.0,100.3471,465130.0,76.5758,12390.0,1249.0,3.77,1.15,-0.56949,3729019.93,13583.3,1.640565809959127,1.6991193342490218,1.4655479277905004,1.5764438029800987,3.1982942430703654,1.4803308546539107,3.3078134404769033,5.649884497818292,203.0
2017-07-01,0.96,1.23,1.15,0.72501612,244.243,251.985,99.803,100.01,193.5,4.3,8.5,245000.0,146772.0,100.1068,465089.0,76.4534,12390.0,1206.0,3.61,1.09,-0.57768,3744877.31,13640.4,1.7251073506566073,1.6769627444729984,1.4856317748266346,1.5031107592688553,3.090037293553549,1.1187969195710634,3.401594970085964,5.646991395134493,189.0
2017-08-01,0.79,1.11,1.16,0.67086016,245.183,252.535,100.027,100.118,193.8,4.4,8.6,247000.0,146919.0,99.6925,466020.0,76.2067,12435.0,1159.0,3.85,1.16,-0.55993,3758495.85,13699.8,1.92812155729698,1.6552412618799472,1.5719087318108338,1.433593710424197,3.8585209003215493,0.8523014668689877,3.5724286914429637,5.417134766616916,147.0
2017-09-01,0.86,1.27,1.15,0.56521264,246.435,252.812,100.4,100.24,194.8,4.3,8.3,260000.0,147008.0,99.7954,475724.0,76.3591,12443.0,1181.0,3.56,1.07,-0.57022,3773286.65,13748.9,2.1805652303711787,1.5953898457655935,1.757444307056133,1.4225873687192525,4.226859283039053,1.0630336308315114,5.003354993643172,5.301492720212608,89.0
2017-10-01,0.78,1.23,1.15,0.72914351,246.626,253.526,100.531,100.486,194.9,4.2,8.1,241000.0,147149.0,101.0247,476107.0,77.3753,12457.0,1257.0,3.51,1.01,-0.59638,3796951.2,13808.1,2.020757753132485,1.7596390813271245,1.6820407007323013,1.5410111053849596,4.3920728441349866,2.2919955326540453,4.904736618287653,5.164508758568176,141.0
2017-11-01,0.64,1.15,1.16,0.75219045,247.284,253.816,100.675,100.535,195.9,4.2,8.0,243000.0,147372.0,101.2664,480949.0,77.6337,12472.0,1273.0,3.61,1.03,-0.60477,3816268.18,13841.3,2.172493864295566,1.7376072726981162,1.7937129048240186,1.5453764961365524,5.152979066022545,2.9662701539719283,5.961109691292199,4.8265677067555135,223.0
2017-12-01,0.51,1.01,1.3,0.57304923,247.805,254.344,100.821,100.683,196.3,4.1,8.1,248000.0,147523.0,101.4644,483586.0,77.8538,12501.0,1177.0,3.63,0.99,-0.61732,3830784.99,13899.7,2.129930719552253,1.770166453265043,1.7664099484208329,1.5768765133171936,4.303931987247611,2.467143465957866,5.286465420581088,4.913689645021768,151.0
2018-01-01,0.58,1.26,1.41,0.87378801,248.859,255.204,101.199,101.007,197.9,4.0,8.0,228000.0,147660.0,101.4625,481414.0,77.9138,12527.0,1299.0,3.29,0.91,-0.60766,3847835.29,13910.2,2.151318868063945,1.8912671130328462,1.7576494957315614,1.6320370277204788,3.775563712637653,2.7352874765469437,3.660973445991922,4.3972291227306615,137.0
2018-02-01,0.62,1.22,1.42,1.08846929,249.529,255.711,101.416,101.198,199.3,4.1,8.1,216000.0,148054.0,101.7085,484031.0,78.1508,12551.0,1277.0,3.47,1.01,-0.54571,3863797.02,13947.2,2.263468931091861,1.87770420481439,1.8376076958608545,1.6442181175359671,4.018789144050117,3.3994953469032696,4.253215704181068,4.147314027987292,394.0
2018-03-01,0.47,1.01,1.51,1.02953583,249.577,256.271,101.524,101.419,199.3,4.0,8.0,232000.0,148280.0,102.2067,484110.0,78.5697,12576.0,1318.0,3.72,1.17,-0.49847,3876055.41,14003.5,2.3309497646499366,2.1227843662331214,1.998292058070028,1.909183171052753,4.073107049608371,3.224806264183644,4.407406928143476,4.094345373047781,226.0
2018-04-01,0.46,1.08,1.69,1.01435433,250.227,256.63,101.766,101.602,200.3,4.0,7.9,209000.0,148420.0,103.3329,484154.0,79.4597,12595.0,1276.0,3.46,1.14,-0.53999,3883468.11,14021.4,2.4709963021052994,2.150644636125887,2.0466282276259795,1.8842192874261698,3.782383419689128,3.309758614070435,4.057376696842296,3.7953318972217875,140.0
2018-05-01,0.43,0.9,1.7,1.2160918,250.792,257.145,101.941,101.78,203.2,3.8,7.8,222000.0,148742.0,102.4024,491960.0,78.7526,12623.0,1357.0,3.63,1.22,-0.56563,3900522.44,14077.4,2.781921607842497,2.272998448872432,2.2662065367869744,1.9809023776840462,5.394190871369275,2.2584201444366236,6.311344688538623,3.8049168964856106,322.0
2018-06-01,0.33,0.92,1.82,1.24572814,251.018,257.399,102.029,101.872,204.2,4.0,7.8,228000.0,148960.0,103.198,490228.0,79.356,12656.0,1192.0,3.71,1.3,-0.53914,3902512.72,14137.7,2.8075506935940187,2.245517307127032,2.268307840346395,1.9362198184856405,5.475206611570238,2.8410387544831828,5.3959108206308,4.0814824085458,218.0
2018-07-01,0.29,0.93,1.91,1.15523371,251.214,257.699,102.137,102.006,204.3,3.8,7.5,207000.0,149020.0,103.3646,493142.0,79.4588,12676.0,1208.0,3.46,1.16,-0.56296,3924685.82,14171.1,2.854124785561929,2.267595293370639,2.3386070559001215,1.9958004199579937,5.581395348837215,3.2543243815604805,6.031748762064892,3.8906483680830606,60.0
2018-08-01,0.24,0.75,1.91,1.25524162,251.663,257.891,102.208,102.016,203.4,3.8,7.4,211000.0,149277.0,104.0327,493445.0,79.9322,12688.0,1288.0,3.49,1.21,-0.59814,3945881.92,14219.4,2.6429238568742575,2.1208941334864617,2.180411288951989,1.8957629996604108,4.9535603715170184,4.353587280888749,5.884940560490959,3.792756098629191,257.0
2018-09-01,0.24,0.86,1.95,1.1321469,252.182,258.368,102.418,102.205,203.6,3.7,7.5,210000.0,149358.0,104.1004,491507.0,79.9314,12710.0,1250.0,3.28,1.13,-0.59353,3957685.36,14253.8,2.332055105808828,2.1976804898501623,2.009960159362545,1.9602952913008842,4.517453798767956,4.313826088176409,3.31767999932735,3.672293783502667,81.0
2018-10-01,0.28,0.81,2.19,1.30012681,252.772,258.917,102.595,102.366,204.6,3.8,7.5,216000.0,149527.0,103.9856,496416.0,79.7802,12731.0,1221.0,3.81,1.25,-0.55203,3976272.51,14265.4,2.492032470218053,2.126409125691242,2.053098049357893,1.8709073900841755,4.976911236531545,2.930867401734427,4.265637766300423,3.311824219117754,169.0
2018-11-01,0.21,0.64,2.2,1.30865835,252.594,259.439,102.63,102.556,202.3,3.8,7.6,237000.0,149617.0,104.0681,498854.0,79.7722,12741.0,1181.0,4.29,1.45,-0.46037,3991704.17,14285.7,2.147328577667773,2.2153843729315836,1.9418922274646144,2.0102451882429095,3.2669729453802976,2.7666629800210174,3.722847952693531,3.2106810776444616,90.0
2018-12-01,0.21,0.24,2.27,1.25496666,252.767,260.063,102.701,102.735,201.0,3.9,7.6,238000.0,149809.0,104.0936,489113.0,79.7142,12761.0,1095.0,5.33,1.59,-0.42549,4007041.95,14407.5,2.0023809043401064,2.2485295505299874,1.8646908878110713,2.0380799141860972,2.3942944472745697,2.5912536810940523,1.1429197702166771,3.653316258624284,192.0
2019-01-01,0.18,0.22,2.4,1.04043434,252.561,260.766,102.648,102.87,199.1,4.0,8.0,234000.0,150060.0,103.4021,490440.0,79.1024,12790.0,1226.0,4.37,1.38,-0.50632,4027115.1,14471.5,1.4875893578291333,2.1794329242488475,1.4318323303589953,1.844426623897344,0.6063668519454168,1.9116422323518512,1.874893542771927,4.035168437549408,251.0
2019-02-01,0.21,0.28,2.4,1.06818285,253.319,261.186,102.836,102.963,199.2,3.8,7.2,221000.0,150067.0,102.8371,491751.0,78.5877,12782.0,1121.0,3.92,1.29,-0.58166,4039700.24,14506.7,1.5188615351321877,2.1410889637129227,1.4001735426362627,1.7441056147354805,-0.05017561465129328,1.1096417703535089,1.594939167119458,4.01155787541585,7.0
2019-03-01,0.14,0.01,2.41,0.51720765,254.277,261.567,103.069,103.058,200.8,3.8,7.4,203000.0,150295.0,102.8757,499292.0,78.5337,12788.0,1191.0,4.05,1.27,-0.60666,4051968.06,14550.5,1.8831863513063984,2.06656235001228,1.5218076513927814,1.61606799514884,0.7526342197691882,0.6545559146318158,3.1360641176592097,3.9061663155639748,228.0
2019-04-01,0.24,0.08,2.42,0.42030375,255.233,261.997,103.36,103.265,202.1,3.7,7.4,224000.0,150591.0,102.274,499343.0,77.9898,12785.0,1272.0,3.73,1.17,-0.61497,4068537.58,14579.0,2.000583470209061,2.0913377235709074,1.5663384627478738,1.6367788035668518,0.8986520219670391,-1.0247462328067725,3.1372249325627877,3.97677835308885,296.0
2019-05-01,0.19,-0.21,2.39,0.5404288,255.296,262.217,103.435,103.371,201.7,3.6,7.1,222000.0,150618.0,102.392,504741.0,77.9962,12778.0,1293.0,4.59,1.35,-0.58063,4083364.56,14678.3,1.7959105553606136,1.97242800754438,1.4655536045359518,1.563175476517964,-0.7381889763779514,-0.010156011968476264,2.5979754451581405,4.268543907255595,27.0
2019-06-01,0.25,-0.12,2.38,0.42130162,255.213,262.739,103.484,103.56,200.3,3.6,7.2,226000.0,150838.0,102.4375,505251.0,77.9493,12787.0,1243.0,4.07,1.22,-0.57524,4093992.14,14798.6,1.671194894390049,2.0746001344216447,1.4260651383430245,1.6569813098790576,-1.9098922624877446,-0.7369328862962377,3.0644924402522866,4.674734928595181,220.0
2019-07-01,0.13,-0.06,2.4,0.44057188,255.802,263.28,103.622,103.678,200.7,3.7,6.9,206000.0,150937.0,101.9408,509091.0,77.4935,12790.0,1240.0,3.93,1.14,-0.57773,4117712.6,14881.8,1.826331335037068,2.1657049503490455,1.4539295260287632,1.6391192674940713,-1.7621145374449476,-1.3774541767684445,3.2341597349242246,5.015136439655343,99.0
2019-08-01,0.0,-0.49,2.13,0.42005179,256.036,263.877,103.67,103.797,199.2,3.6,7.2,215000.0,151169.0,102.639,512561.0,77.9497,12789.0,1375.0,4.13,1.26,-0.52769,4134319.33,14964.1,1.7376412106666406,2.321135673598529,1.4304164057608038,1.745804579673771,-2.064896755162249,-1.3396749291328724,3.8739879824499113,5.2372111340844185,232.0
2019-09-01,0.05,-0.2,2.04,0.23500552,256.43,264.388,103.733,103.873,198.4,3.5,6.9,215000.0,151365.0,102.2917,509282.0,77.6205,12787.0,1311.0,4.02,1.22,-0.5114,4146326.69,15062.4,1.6844977040391562,2.3300099083477743,1.2839539924622612,1.6320140893302693,-2.5540275049115824,-1.7374573008364869,3.6164286571707116,5.672873198725958,196.0
2019-10-01,0.17,0.15,1.83,0.36832453,257.155,264.97,103.917,104.028,198.6,3.6,6.9,215000.0,151460.0,101.4281,510648.0,76.9099,12733.0,1325.0,4.15,1.17,-0.54987,4163620.6,15197.3,1.7339736996186295,2.3378148209658223,1.2885618207514993,1.6235859562745425,-2.9325513196480912,-2.4594751580988228,2.866950299748594,6.532589342044393,95.0
2019-11-01,0.17,0.19,1.55,0.43361185,257.879,265.548,104.024,104.092,199.0,3.6,6.8,231000.0,151667.0,101.9372,514215.0,77.252,12777.0,1353.0,4.02,1.11,-0.5709,4164684.83,15305.1,2.092290394862917,2.3546960942649298,1.3582773068303577,1.4977183197472543,-1.6312407315867583,-2.047601522464615,3.0792576585534137,7.135807135807126,207.0
2019-12-01,0.34,0.37,1.55,0.51426493,258.63,266.02,104.307,104.322,199.0,3.6,6.8,231000.0,151794.0,101.7003,515866.0,77.0416,12760.0,1548.0,3.6,1.01,-0.55481,4192191.39,15373.7,2.3195274699624457,2.2905988164406255,1.5637627676458932,1.544751058548699,-0.995024875621886,-2.2991807373363926,5.469697186539713,6.706229394412633,127.0
2020-01-01,0.18,-0.04,1.55,0.50509631,259.127,266.716,104.49,104.507,199.3,3.6,7.0,210000.0,152031.0,101.0338,515119.0,76.519,12745.0,1581.0,4.03,1.09,-0.62093,4171798.04,15443.2,2.599767976845202,2.2817391837892886,1.7944821136310463,1.5913288616700605,0.10045203415369741,-2.290379015513233,5.032012070793579,6.7145769270635425,237.0
2020-02-01,0.27,-0.14,1.58,0.31598579,259.25,267.37,104.573,104.711,196.7,3.5,7.0,215000.0,152293.0,101.3735,515330.0,76.7764,12743.0,1549.0,5.06,1.3,-0.29624,4185445.34,15497.1,2.3413166797595197,2.3676613601035346,1.689097203314005,1.6976972310441596,-1.2550200803212896,-1.4232217750208775,4.794906365213292,6.8271901948754765,262.0
2020-03-01,0.47,0.59,0.65,-0.12783745,258.076,267.054,104.271,104.632,193.1,4.4,8.8,5946000.0,150895.0,97.4078,468324.0,73.7887,12684.0,1266.0,8.77,3.05,0.27305,4171393.21,16025.9,1.4940399642909163,2.097741687598198,1.1662090444265472,1.5272953094374042,-3.834661354581681,-5.315054964389065,-6.202382573724396,10.139857736847535,-1398.0
2020-04-01,0.44,0.55,0.05,-0.11159442,256.032,265.746,103.838,104.293,185.5,14.8,22.9,3446000.0,130426.0,84.5619,401028.0,64.0847,11382.0,936.0,7.63,2.17,0.16325,4106902.98,17039.1,0.3130472940411133,1.4309324152566472,0.4624613003096023,0.9954970222243897,-8.213755566551207,-17.318282261376304,-19.68887117672622,16.874271212017277,-20469.0
2020-05-01,0.49,0.51,0.05,-0.02785652,255.802,265.412,103.942,104.402,188.6,13.2,21.1,1639000.0,133040.0,85.9604,478449.0,65.1874,11610.0,1039.0,6.54,1.87,-0.26819,4090245.93,17886.4,0.1982013035848551,1.2184564692601985,0.49016290423937736,0.9973783749794407,-6.494794248884483,-16.047738104539413,-5.209008184395558,21.85607325098957,2614.0
2020-06-01,0.5,0.5,0.08,-0.15369936,257.042,265.849,104.27,104.565,191.2,11.0,18.0,1446000.0,137671.0,91.5934,518038.0,69.5218,11950.0,1266.0,6.44,1.6,-0.38571,4102329.81,18173.5,0.7166562831830481,1.1836841884912408,0.7595377063120967,0.9704519119350996,-4.543185222166757,-10.586064673581452,2.5308213145545544,22.80553565877852,4631.0
2020-07-01,0.44,0.46,0.09,-0.3453445,258.352,267.389,104.578,104.937,193.0,10.2,16.5,1260000.0,139255.0,95.0256,526304.0,72.2103,11973.0,1526.0,5.16,1.41,-0.47672,4118158.78,18330.1,0.9968647625897997,1.560695837131587,0.9225840072571545,1.2143366963097257,-3.8365719980069657,-6.783544959427434,3.381124396227797,23.17125616524882,1584.0
2020-08-01,0.58,0.61,0.1,-0.407134,259.316,268.422,104.87,105.243,194.3,8.4,14.2,881000.0,140821.0,95.9549,530735.0,73.0192,11999.0,1396.0,5.02,1.36,-0.50889,4113990.24,18396.3,1.2810698495523853,1.7223933878284248,1.157519050834388,1.3931038469319867,-2.459839357429705,-6.512241935326724,3.5457243137889893,22.936227370840868,1566.0
2020-09-01,0.56,0.59,0.09,-0.34333693,259.997,268.933,105.057,105.41,195.5,7.8,12.8,795000.0,141770.0,95.9669,541302.0,73.1451,12057.0,1473.0,5.41,1.44,-0.49276,4129452.39,18628.8,1.3910228912373812,1.7190644053436621,1.27635371578958,1.4796915464076354,-1.4616935483870996,-6.183101854793705,6.28728288060445,23.677501593371563,949.0
2020-10-01,0.74,0.79,0.09,-0.29173845,260.319,269.306,105.151,105.507,196.5,6.9,12.1,773000.0,142460.0,96.7394,539114.0,73.8636,12086.0,1543.0,5.32,1.34,-0.50664,4134643.38,18783.4,1.2303863428671624,1.6364116692455521,1.1874861668446979,1.4217326104510208,-1.0574018126888185,-4.622683457542831,5.574485751437397,23.59695472222041,690.0
2020-11-01,0.68,0.76,0.09,-0.21395564,260.911,269.981,105.258,105.605,198.3,6.7,11.9,737000.0,142733.0,97.0816,533941.0,74.2637,12118.0,1543.0,4.33,1.12,-0.56763,4135719.78,19012.1,1.1757452138405844,1.6693780408814973,1.186264708144269,1.453521884486797,-0.35175879396984744,-4.763324870606622,3.836138580165893,24.2206846083985,273.0
2020-12-01,0.8,0.84,0.09,-0.23232146,262.045,270.341,105.699,105.896,200.5,6.7,11.7,773000.0,142548.0,98.363,538548.0,75.3903,12153.0,1614.0,3.86,1.03,-0.60434,4149026.48,19165.9,1.3204191315779434,1.624313961356294,1.334522131784066,1.508790092214496,0.7537688442211143,-3.28150457766595,4.396878259082793,24.666801095377178,-185.0
2021-01-01,1.0,1.05,0.09,-0.23501721,262.687,270.387,106.147,106.281,204.8,6.4,11.2,803000.0,142863.0,98.8822,559230.0,75.9401,12142.0,1630.0,3.84,1.03,-0.61939,4157826.38,19392.5,1.3738437137002402,1.3763703714812836,1.5857976839888988,1.6974939477738316,2.759658805820364,-2.1295843569181794,8.563264022488015,25.573067757977608,315.0
2021-02-01,1.3,1.4,0.08,-0.2308238,263.579,270.793,106.5,106.501,210.6,6.2,11.1,704000.0,143380.0,95.6149,544891.0,73.5725,12172.0,1404.0,3.57,0.95,-0.62732,4177322.53,19628.2,1.6698167791706853,1.280248344990098,1.8427318715156016,1.7094670091967412,7.066598881545505,-5.680577271180343,5.736324297052375,26.657245549167264,517.0
2021-03-01,1.58,1.71,0.07,0.01250687,264.961,271.459,107.054,106.933,215.0,6.1,10.8,658000.0,144232.0,98.3856,603581.0,75.8472,12229.0,1696.0,3.36,0.97,-0.64861,4190733.4,19852.2,2.6678187820641908,1.6494791315614155,2.669006722866385,2.1991360195733556,11.341273951320563,1.0038210492383515,28.88107378652387,23.87572616826512,852.0
2021-04-01,1.49,1.64,0.07,0.11804694,266.614,273.66,107.618,107.558,217.9,6.1,10.3,574000.0,144587.0,98.5587,608961.0,76.1216,12193.0,1495.0,3.28,0.94,-0.68184,4207768.45,20189.0,4.133077115360573,2.9780316542864504,3.6402858298503427,3.1306032044336574,17.466307277628033,16.55213518144698,51.849995511535354,18.486305027847717,355.0
2021-05-01,1.44,1.57,0.06,0.03694758,268.383,275.465,108.175,108.099,224.9,5.8,10.1,427000.0,145065.0,99.4333,605282.0,76.931,12216.0,1589.0,3.34,0.91,-0.69342,4238937.19,20457.0,4.918257089467626,3.7876961101984907,4.07246348925363,3.5411199019175887,19.24708377518558,15.673379835366053,26.50919951760793,14.371813221218343,478.0
2021-06-01,1.2,1.4,0.08,-0.00566485,270.654,277.651,108.76,108.603,228.9,5.9,9.8,368000.0,145820.0,99.7987,611950.0,77.3367,12247.0,1650.0,3.04,0.86,-0.68653,4389849.1,20499.2,5.295632620349999,4.439362194328367,4.306128320705871,3.8617128102137466,19.717573221757334,8.958396565691418,18.128399847115475,12.797204721159927,755.0
2021-07-01,1.05,1.18,0.1,0.03504108,271.903,278.648,109.256,109.058,231.85,5.4,9.2,379000.0,146762.0,100.2519,601817.0,77.7972,12305.0,1597.0,3.32,0.92,-0.65568,4406029.54,20654.4,5.245169381309234,4.210719214328185,4.473216164011551,3.92711817566731,20.129533678756474,5.4998863464161385,14.347791390527153,12.68023633258959,942.0
2021-08-01,1.1,1.26,0.09,-0.26101879,272.676,278.997,109.674,109.409,233.415,5.1,8.8,353000.0,147314.0,100.0437,605533.0,77.7308,12353.0,1594.0,3.21,0.92,-0.64732,4423797.93,20837.0,5.152015301793966,3.9396919775577244,4.580909697720981,3.9584580447155737,20.131240349974266,4.261168528131454,14.093285726398296,13.267341802427657,552.0
2021-09-01,1.24,1.48,0.08,-0.19473087,273.91,279.698,110.034,109.641,235.678,4.7,8.4,375000.0,147771.0,98.8579,609671.0,76.8871,12393.0,1577.0,3.15,0.89,-0.65373,4447544.21,21004.6,5.351215590949132,4.002855729865806,4.737428253233955,4.013850678303776,20.551406649616368,3.0124970172007215,12.63047245345481,12.753371124280676,457.0
2021-10-01,1.07,1.5,0.08,0.08790114,276.55,281.668,110.762,110.188,240.465,4.5,8.2,261000.0,148572.0,100.1861,618573.0,77.9838,12453.0,1579.0,3.15,0.89,-0.6222,4464094.97,21168.0,6.235042390298062,4.590317334184912,5.336135652537788,4.436672448273571,22.37404580152671,3.5628709708763973,14.73881219927511,12.695252190764172,801.0
2021-11-01,0.91,1.38,0.08,0.16399788,278.919,283.406,111.5,110.77,243.287,4.1,7.7,221000.0,149230.0,100.8654,624874.0,78.562,12498.0,1705.0,3.67,1.03,-0.55115,4489285.61,21337.9,6.901970403700863,4.972572143965692,5.93019057933839,4.8908669097107005,22.686333837619756,3.897545981936834,17.0305333360802,12.233261975268395,658.0
2021-12-01,0.79,1.46,0.08,0.09168917,280.845,285.18,112.191,111.418,241.338,3.9,7.3,217000.0,149816.0,100.5726,619938.0,78.3687,12537.0,1722.0,3.1,0.98,-0.55623,4512720.41,21494.0,7.174340285065539,5.488993530393094,6.141969176624196,5.2145501246505965,20.36807980049875,2.2463731281071153,15.112859020922919,12.147094579435347,586.0
2022-01-01,0.61,1.57,0.08,0.3194951,282.543,286.757,112.805,111.976,246.453,4.0,7.1,231000.0,150006.0,100.1856,631509.0,78.088,12564.0,1702.0,3.63,1.1,-0.54176,4527332.7,21614.0,7.558805726967832,6.05428515424189,6.272433512016362,5.35843659732218,20.338378906249986,1.3181341030033655,12.92473579743576,11.45545958489107,190.0
2022-02-01,0.39,1.48,0.08,0.44159289,284.5,288.273,113.471,112.468,252.66,3.9,7.2,208000.0,150825.0,100.8064,638101.0,78.5777,12601.0,1735.0,3.77,1.3,-0.4382,4558346.19,21712.7,7.937278766517819,6.4551151617656455,6.545539906103293,5.602764293293028,19.97150997150998,5.429593086433182,17.10617352828363,10.61992439449364,819.0
2022-03-01,0.04,1.8,0.2,0.34708992,287.674,289.056,114.469,112.914,260.014,3.7,7.0,214000.0,151315.0,101.3907,651027.0,79.0253,12674.0,1712.0,3.43,1.22,-0.37229,4600150.62,21749.8,8.572204966013853,6.482378554404167,6.926410970164576,5.593221924008485,20.936744186046518,3.0544104015221674,7.860751083947304,9.558638337312741,490.0
2022-04-01,0.19,2.04,0.33,0.94940027,288.561,290.514,114.812,113.307,265.31,3.7,7.0,218000.0,151623.0,101.44,660194.0,79.0418,12726.0,1820.0,3.97,1.41,-0.33577,4633199.93,21780.3,8.231750770777225,6.158737119052837,6.684755338326309,5.345023150300299,21.757687012391003,2.923435475508507,8.413182453391933,7.882014958640848,308.0
2022-05-01,0.32,1.69,0.77,1.20389776,291.298,292.063,115.525,113.703,273.251,3.6,7.1,199000.0,151924.0,101.3335,659847.0,78.9224,12735.0,1531.0,4.22,1.4,-0.25915,4662495.89,21723.2,8.538171195642065,6.0254478790408905,6.794545874740021,5.184136763522318,21.49888839484213,1.9110298059100916,9.014806321681457,6.18956836290756,301.0
2022-06-01,0.06,1.26,1.21,1.02509351,294.957,294.05,116.638,114.376,280.251,3.6,6.7,212000.0,152358.0,101.018,666113.0,78.6259,12767.0,1551.0,5.87,1.64,-0.17211,4700193.52,21676.8,8.979361103105798,5.906335651591377,7.243471864656126,5.31569109508947,22.433813892529475,1.2217594016755706,8.850886510335808,5.744614423977512,434.0
2022-07-01,-0.22,0.26,1.68,1.06217493,294.913,295.088,116.631,114.628,272.274,3.5,6.8,228000.0,153072.0,101.223,659550.0,78.7204,12800.0,1381.0,4.83,1.53,-0.21976,4722322.76,21676.5,8.462576727730099,5.899916740834321,6.7502013619389345,5.107374057840786,17.43541082596507,0.968659945597028,9.593115515181516,4.948582384382982,714.0
2022-08-01,-0.3,0.19,2.33,0.8556253,295.097,296.535,116.956,115.276,269.546,3.6,6.9,210000.0,153362.0,101.0963,663566.0,78.5438,12832.0,1531.0,5.03,1.48,-0.22557,4751733.84,21644.0,8.222579178218826,6.286089097732228,6.6396775899483895,5.362447330658338,15.47929653192812,1.0521402147261716,9.583788166788597,3.872918366367517,290.0
2022-09-01,-0.39,0.5,2.56,1.20424868,296.349,298.226,117.371,115.788,267.898,3.5,6.7,190000.0,153582.0,101.2918,661854.0,78.6087,12849.0,1488.0,5.43,1.67,-0.10743,4778626.2,21560.6,8.192106896425821,6.624287624509306,6.667939000672507,5.606479327988612,13.67119544463209,2.462018715752601,8.559206522862329,2.647039219980396,220.0
2022-10-01,-0.41,-0.12,3.08,1.79733203,298.007,299.399,117.919,116.204,265.061,3.6,6.7,202000.0,153939.0,101.2529,668671.0,78.4843,12883.0,1435.0,4.63,1.66,-0.1273,4810383.4,21465.8,7.758813957693,6.294999786983246,6.461602354598139,5.459759683450094,10.228515584388575,1.0648183730078253,8.098963258984782,1.406840513983365,357.0
2022-11-01,-0.7,-0.69,3.78,1.93071305,298.786,300.325,118.224,116.539,263.157,3.6,6.7,209000.0,154242.0,100.9552,659458.0,78.1544,12896.0,1424.0,4.55,1.42,-0.18268,4840742.38,21408.6,7.122856456533988,5.969880665899807,6.030493273542614,5.20808883271644,8.16730856971395,0.08902953837490735,5.534555766442506,0.3313353235322891,303.0
2022-12-01,-0.53,-0.54,4.1,1.57612515,298.832,301.394,118.384,116.952,257.897,3.5,6.6,205000.0,154342.0,99.7664,651763.0,77.1334,12895.0,1308.0,4.81,1.38,-0.22469,4858438.6,21266.4,6.404600402357152,5.685531944736666,5.520050627946982,4.9668814733705435,6.861331410718585,-0.8016099812473643,5.133577873916417,-1.0589001581836732,100.0
2023-01-01,-0.69,-1.18,4.33,1.78309897,300.42,302.642,119.018,117.505,260.227,3.5,6.7,200000.0,154776.0,100.505,680253.0,77.601,12903.0,1361.0,4.3,1.25,-0.30941,4874098.11,21249.4,6.327178517960097,5.539533472591773,5.507734586232882,4.937665213974429,5.588895245746639,0.3188082918103907,7.718654841023653,-1.6868696215415868,434.0
2023-02-01,-0.89,-0.96,4.57,1.42020217,301.45,304.123,119.369,117.929,258.669,3.6,6.8,207000.0,155066.0,100.6416,672152.0,77.6078,12898.0,1399.0,4.22,1.3,-0.27282,4884884.3,21226.9,5.957820738137087,5.498260329618088,5.197803844154003,4.855603371625716,2.378294941819048,-0.1634816837026265,5.336302560252992,-2.237400231201092,290.0
2023-03-01,-0.58,-1.37,4.65,2.05963636,301.821,305.147,119.538,118.315,257.062,3.5,6.7,234000.0,155134.0,101.0205,665071.0,77.8036,12888.0,1377.0,4.58,1.45,-0.15515,4909583.56,20917.4,4.917719362889961,5.566741392671326,4.428273156924578,4.783286394955444,-1.1353234825817071,-0.36512224493961964,2.1572069975592356,-3.8271616290724397,68.0
2023-04-01,-0.6,-1.66,4.83,1.44391386,302.845,306.534,119.951,118.734,256.908,3.4,6.6,213000.0,155375.0,101.253,670494.0,77.888,12884.0,1354.0,4.53,1.41,-0.19385,4921886.44,20770.4,4.950079879124369,5.514364195873522,4.476012960317743,4.789642299240104,-3.166861407410193,-0.1843454258675048,1.5601474718037522,-4.636758905983839,241.0
2023-05-01,-0.76,-1.88,5.06,1.53690406,303.334,307.652,120.15,119.083,253.67,3.6,6.7,229000.0,155655.0,100.9286,673902.0,77.5496,12869.0,1584.0,4.69,1.42,-0.2151,4927043.14,20840.8,4.131851231385042,5.337547036084689,4.003462454014284,4.731625374880166,-7.165939008457423,-0.39957171123073953,2.1300392363684306,-4.0620166457980496,280.0
2023-06-01,-1.06,-1.62,5.08,1.06063107,304.014,308.322,120.469,119.39,253.86,3.6,6.9,236000.0,155880.0,100.1196,677117.0,76.8467,12875.0,1421.0,4.05,1.3,-0.2301,4950379.77,20823.8,3.070617072997095,4.853596327155252,3.284521339529123,4.383786808421353,-9.416915550702754,-0.8893464531073647,1.6519719627150264,-3.9350826690286445,225.0
2023-07-01,-0.91,-1.58,5.12,1.4260473,304.609,308.96,120.607,119.556,253.835,3.5,6.7,238000.0,156043.0,100.9067,678424.0,77.3773,12862.0,1460.0,3.79,1.19,-0.28273,4959206.3,20815.5,3.287749268428297,4.700970557935236,3.40904219289897,4.299124123250864,-6.772222099796521,-0.31247838929887584,2.861648093397018,-3.9720434572001917,163.0
2023-08-01,-0.76,-1.47,5.33,1.60209539,306.082,309.58,120.97,119.689,257.68,3.7,7.1,234000.0,156261.0,100.8393,684755.0,77.2588,12861.0,1317.0,3.85,1.22,-0.33725,4945158.71,20792.5,3.722504803505289,4.399143440066089,3.43205991996991,3.8282036156702226,-4.402217061280811,-0.25421306219911566,3.1932015805511416,-3.9341156902605756,218.0
2023-09-01,-0.44,-0.96,5.33,1.69970754,307.276,310.539,121.419,120.058,258.934,3.7,7.0,216000.0,156417.0,101.0211,689403.0,77.3375,12872.0,1371.0,4.03,1.25,-0.31616,4955057.13,20771.8,3.687206638119256,4.128747996485882,3.4488928270185903,3.687774208035388,-3.346049615898583,-0.2672476942852109,4.16239835371548,-3.658525272951585,156.0
2023-10-01,-0.19,-0.71,5.33,2.08246076,307.696,311.457,121.484,120.241,255.192,3.9,7.2,217000.0,156576.0,100.4689,686148.0,76.859,12837.0,1368.0,4.42,1.32,-0.28842,4965604.43,20737.1,3.2512659098611785,4.027401561127464,3.0232617305099296,3.4740628549791763,-3.723293883294776,-0.7742988102069082,2.613691935196827,-3.3947022705885677,159.0
2023-11-01,-0.36,-1.08,5.33,2.09432864,308.148,312.392,121.493,120.374,252.856,3.7,7.0,213000.0,156703.0,100.8639,685328.0,77.1081,12859.0,1514.0,3.84,1.11,-0.32346,4989125.32,20743.4,3.1333462745911866,4.017980521102138,2.7650899986466193,3.2907438711504255,-3.9143933089372474,-0.09043615385835313,3.922918517934426,-3.107162542155939,127.0
2023-12-01,-0.35,-1.52,5.33,1.68089907,308.741,313.195,121.66,120.592,249.866,3.8,7.2,200000.0,156857.0,100.6031,686277.0,76.858,12872.0,1521.0,3.39,1.04,-0.369,4988225.93,20745.1,3.3159099427102934,3.9154727698627045,2.7672658467360334,3.1123879882344996,-3.114033897253543,0.8386591076755323,5.295483174098559,-2.451284655606978,154.0
2024-01-01,-0.28,-1.43,5.33,1.68087145,309.698,314.319,122.23,121.217,251.306,3.7,7.2,226000.0,157032.0,99.2223,680456.0,75.7542,12875.0,1381.0,3.59,1.02,-0.39896,5003237.0,20815.3,3.0883429864855705,3.8583540949372663,2.6987514493606035,3.159014510020852,-3.428160798072444,-1.2762549126908995,0.029841838257227415,-2.042881210763603,175.0
2024-02-01,-0.39,-1.2,5.33,1.6168231,310.967,315.564,122.598,121.537,254.926,3.9,7.3,212000.0,157238.0,100.285,685280.0,76.5157,12852.0,1552.0,3.29,1.0,-0.42873,5013802.76,20903.0,3.157074141648697,3.7619647313751337,2.705057426970159,3.059467984974007,-1.447023029431438,-0.3543266402759926,1.9531296492460104,-1.5258940306874802,206.0
2024-03-01,-0.39,-1.26,5.33,1.92596928,312.345,316.792,123.038,122.009,255.095,3.9,7.3,223000.0,157466.0,100.4575,687641.0,76.5964,12836.0,1312.0,3.15,0.94,-0.43347,5013894.23,20943.8,3.4868349120836584,3.8161935067360986,2.9279392327126175,3.122173857921662,-0.7651850526332216,-0.557312624665296,3.393622635778737,0.12621071452474375,228.0
2024-04-01,-0.35,-0.77,5.33,1.93819396,313.023,317.649,123.341,122.304,256.978,3.9,7.4,207000.0,157530.0,100.2434,687602.0,76.3803,12833.0,1385.0,3.18,0.91,-0.41469,5017383.19,20969.9,3.3607951262196734,3.6260251717590952,2.826154012888593,3.006720905553606,0.027247107914107893,-0.9971062585799939,2.551551542593966,0.9605014828794722,64.0
2024-05-01,-0.38,-0.95,5.33,2.10339878,313.175,318.095,123.348,122.383,255.313,3.9,7.4,220000.0,157608.0,100.863,692774.0,76.7961,12825.0,1316.0,3.2,0.88,-0.41158,5025680.49,21032.0,3.244278584003113,3.394419668976645,2.6616729088639213,2.7711764063720334,0.6476918831552769,-0.06499644303002983,2.8004071808660713,0.917431192660545,78.0
2024-06-01,-0.35,-1.12,5.33,1.99956671,313.044,318.39,123.539,122.677,255.914,4.1,7.4,238000.0,157695.0,100.894,692449.0,76.7586,12814.0,1327.0,3.21,0.96,-0.38439,5027231.09,21094.6,2.9702579486470926,3.2654173234475614,2.548373440470164,2.7531619063573265,0.8091073820215788,0.7734749239909133,2.2643058732833454,1.3004350790921881,87.0
2024-07-01,-0.2,-1.32,5.33,2.04839593,313.569,318.94,123.736,122.911,257.321,4.2,7.8,248000.0,157748.0,99.9757,698835.0,75.9946,12806.0,1265.0,3.25,0.97,-0.36504,5045190.31,21122.6,2.9414757935583014,3.2301916105644812,2.594376777467322,2.8062163337682744,1.3733330706955371,-0.9226344732312097,3.008590497977659,1.475342893516851,53.0
2024-08-01,0.0,-1.3,5.33,1.66418984,314.062,319.75,123.889,123.128,255.463,4.2,7.8,227000.0,157757.0,100.4309,697039.0,76.2697,12772.0,1391.0,3.17,0.96,-0.39431,5052970.03,21204.7,2.607144490692037,3.2850959364300047,2.412994957427461,2.873279917118543,-0.8603694504812243,-0.4050008280501727,1.7939262948061696,1.9824455933630025,9.0
2024-09-01,0.15,-0.92,5.13,1.58158069,314.732,320.732,124.164,123.466,252.682,4.1,7.7,227000.0,157912.0,99.8084,703055.0,75.7216,12758.0,1357.0,3.03,0.92,-0.42966,5056994.97,21289.0,2.4264830315416708,3.2823574494668994,2.260766436883843,2.838627996468368,-2.414514895687714,-1.2004422838397089,1.9802640835621554,2.489914210612465,155.0
2024-10-01,0.12,-0.36,4.83,1.48014834,315.631,321.731,124.494,123.832,253.081,4.1,7.7,219000.0,157945.0,99.4695,708290.0,75.3852,12697.0,1352.0,2.88,0.86,-0.44615,5067259.29,21337.0,2.578844053871343,3.298689706765301,2.4776925356425616,2.9865021082658982,-0.8272202890372782,-0.9947356843759692,3.22700058879426,2.892882804249397,33.0
2024-11-01,0.05,-0.4,4.64,1.95841688,316.528,322.657,124.637,123.962,253.211,4.2,7.7,222000.0,158079.0,99.2925,711853.0,75.1681,12711.0,1295.0,2.74,0.83,-0.47635,5060645.16,21440.0,2.719472461284833,3.2859356193500444,2.5878034125423,2.980710120125618,0.14039611478471326,-1.5579409481489392,3.87040949735018,3.3581765766460547,134.0
2024-12-01,0.33,0.21,4.48,1.82436879,317.604,323.259,124.979,124.196,253.423,4.1,7.6,212000.0,158316.0,100.3273,717265.0,75.8651,12693.0,1514.0,2.92,0.82,-0.48549,4948060.37,21458.4,2.870690967509981,3.2133335461932644,2.7280946901200087,2.9885896245190446,1.4235630297839696,-0.2741466217243804,4.515377901343043,3.4384023215120907,237.0
2025-01-01,0.36,0.27,4.33,2.05553249,318.961,324.638,125.417,124.587,257.36,4.0,7.5,212000.0,158268.0,100.0647,711095.0,75.5781,12673.0,1358.0,2.68,0.82,-0.50985,4957972.0,21519.7,2.9909783078999608,3.282970485398584,2.6073795303935166,2.7801380994415092,2.4090153040516427,0.849002693950851,4.50271582585795,3.3840492330160954,-48.0
2025-02-01,0.25,-0.08,4.33,2.02768935,319.679,325.465,125.921,125.145,259.498,4.2,8.0,241000.0,158310.0,101.0993,711757.0,76.2685,12671.0,1490.0,2.87,0.88,-0.48168,4956911.64,21587.5,2.8015834477613355,3.13755688228059,2.7104846734857135,2.9686432938117457,1.7934616320030239,0.8119858403550007,3.8636761615689963,3.274649571831789,42.0
2025-03-01,0.34,-0.09,4.33,1.85917469,319.785,325.69,125.941,125.267,258.525,4.2,7.9,220000.0,158377.0,101.0404,722572.0,76.1318,12666.0,1355.0,3.55,0.97,-0.41191,5020902.36,21657.8,2.381981462805549,2.808783050077035,2.3594336708984365,2.670294814316976,1.3445971108802413,0.5802453773984029,5.079830900135396,3.4091234637458445,67.0
2025-04-01,0.57,-0.14,4.33,1.67048701,320.302,326.467,126.15,125.502,258.392,4.2,7.8,239000.0,158485.0,101.1279,721789.0,76.1048,12662.0,1398.0,3.94,1.09,-0.39293,5038845.21,21792.0,2.32538823025783,2.7760200724699313,2.2774259978433964,2.614795918367352,0.5502416549276523,0.8823523543694645,4.971916893784489,3.920381117697258,108.0
2025-05-01,0.52,0.05,4.33,1.66614308,320.62,326.893,126.38,125.79,258.678,4.3,7.8,244000.0,158498.0,100.9655,716101.0,75.8894,12651.0,1282.0,3.32,0.92,-0.46745,5047974.11,21849.5,2.3772651073680873,2.7658403935930886,2.4580860654408676,2.783883382495933,1.317990074927633,0.10162299356553106,3.367187567662766,3.8869341955116044,13.0
2025-06-01,0.52,-0.17,4.33,1.86923994,321.435,327.658,126.743,126.121,260.491,4.1,7.7,231000.0,158478.0,101.4785,723033.0,76.181,12636.0,1382.0,2.96,0.86,-0.49728,5042682.73,21967.8,2.680453865910226,2.910895442696071,2.5935129797068024,2.8073722050588,1.7884914463452528,0.5793208714095943,4.4167873735105445,4.139448010391278,-20.0
2025-07-01,0.43,-0.04,4.33,1.65988735,322.169,328.682,126.96,126.43,262.358,4.3,7.9,219000.0,158542.0,101.894,727727.0,76.3997,12625.0,1420.0,2.86,0.79,-0.5202,5055388.53,22046.6,2.742618052167134,3.0544930080893096,2.605547294239341,2.86304724556794,1.9574772366032889,1.9187662602012212,4.1343092432405415,4.374461477280267,64.0
2025-08-01,0.64,0.0,4.33,1.56632926,323.291,329.7,127.293,126.714,262.11,4.3,8.1,236000.0,158472.0,101.6247,731700.0,76.1055,12615.0,1291.0,2.84,0.81,-0.52938,5056229.64,22105.5,2.9385917430316155,3.111806098514469,2.7476208541517,2.912416347215907,2.60194235564446,1.1886779865559305,4.972605550048126,4.24811480473668,-70.0
2025-09-01,0.56,0.14,4.22,1.56519918,324.245,330.418,127.625,126.954,262.054,4.4,8.1,225000.0,158548.0,101.668,732192.0,76.0461,12612.0,1328.0,2.8,0.76,-0.5271,5071499.16,22188.6,3.0225715847133294,3.0199668258857892,2.7874424148706556,2.825069249833967,3.709009743472036,1.8631698334008018,4.14434148110745,4.2256564422941345,76.0
2025-10-01,0.51,0.22,4.09,1.55378693,,,127.873,127.245,260.591,,,221000.0,158408.0,101.2075,731051.0,75.6104,12603.0,1272.0,2.94,0.8,-0.5124,5078804.19,22260.1,,,2.714187029093784,2.7561534982880165,2.967429400073507,1.7472692634425524,3.2135142385181226,4.3262876693068275,-140.0
2025-11-01,0.55,0.14,3.88,1.60842769,325.063,331.043,128.155,127.473,261.579,4.5,8.7,216000.0,158449.0,101.3605,734718.0,75.6334,12593.0,1324.0,2.92,0.82,-0.50863,5081425.71,22280.9,2.6964439164939513,2.5990448060944082,2.822596821168677,2.832319581807319,3.304753742925848,2.08273535261978,3.212039564348257,3.9221082089552217,41.0
2025-12-01,0.71,0.51,3.72,1.45728631,326.031,331.814,128.615,127.929,261.02,4.4,8.4,203000.0,158432.0,101.6781,734685.0,75.7794,12580.0,1387.0,2.81,0.79,-0.5361,5106629.68,22366.2,2.653304114557753,2.6464847073089937,2.9092887605117745,3.00573287384458,2.9977547420715567,1.3463932548767987,2.4286700173576037,4.230511128509118,-17.0
2026-01-01,0.74,0.59,3.64,1.66607473,326.588,332.793,128.969,128.394,262.39,4.3,8.1,230000.0,158558.0,102.3963,733537.0,76.2529,12585.0,1487.0,2.88,0.75,-0.55815,5114679.44,22442.1,2.391201432150014,2.512028782828879,2.8321519411244056,3.0556960196489236,1.9544606776499718,2.330092430197661,3.155977752620953,4.286305106483823,126.0
2026-02-01,0.59,0.3,3.64,1.74809329,327.46,333.512,,,267.848,4.4,7.9,214000.0,158466.0,102.551,,76.2946,12573.0,,3.12,0.86,-0.51651,,,2.4340041103732224,2.4724624767640258,,,3.217751196541019,1.435914986552822,,,-92.0
2026-03-01,0.51,0.65,,1.61803193,,,,,,,,205000.0,,,,,,,3.27,0.9,-0.48574,,,,,,,,,,,
